timestamp,current_supply,current_demand,historical_price,price
2023-11-07 18:13:52,4630.067533731294,3351.59136258222,0.1715271604059283,0.14959782167754387
2023-09-15 23:45:30,3819.5613208648356,3087.0190922444413,0.22468693526405234,0.20822766843403082
2023-05-05 19:07:20,1860.2142053488926,1044.5656538466958,0.4774243068311569,0.43848326239927954
2023-06-10 00:41:47,4099.769085984404,4307.391974895178,0.412777061710341,0.4213472583131811
2023-02-22 15:21:25,3444.3979753785356,3697.9263511141103,0.462759294017949,0.4744915552348402
2023-09-14 10:18:19,3169.8982611764122,3052.5546104724485,0.3583635023914734,0.354158334226506
2023-11-29 03:38:03,1972.0103335068657,1412.197461614749,0.4258909543132774,0.4020490304885784
2023-10-16 00:40:01,1413.034855132004,2810.5698145340357,0.4469973985421646,0.5094668476646084
2023-02-15 14:34:16,4375.03212833457,3608.996535623816,0.3477192301544991,0.3210826994976662
2023-06-25 11:01:48,4201.055877062203,2226.082016078009,0.47774187090325937,0.38338910017009714
2023-12-18 10:41:59,3564.283500698519,4103.179999843536,0.45106507783791183,0.47537281697125433
2023-01-06 18:12:40,3870.792488456404,3554.7455440998565,0.264239702871795,0.2558884878047637
2023-09-13 08:48:47,1360.0459915732063,4450.532474419295,0.4765106613161203,0.6237756370890724
2023-10-30 13:45:48,2990.1543452430515,2786.9840358977967,0.37318436606162686,0.3656023677520715
2023-10-12 17:58:36,2661.227491787199,2329.8248554917363,0.10172417507762561,0.09835300909805499
2023-08-27 17:11:06,1659.0838248985324,3331.1039444679764,0.3558374234851944,0.4153341566214942
2023-08-10 17:21:46,1062.9463523648642,2378.652552811939,0.3373894954823248,0.3817800405995053
2023-08-05 04:53:17,3749.578787823543,1190.8122238453677,0.211214981028989,0.15716999790216282
2023-02-16 09:36:39,1230.995681757971,3383.2712518839385,0.3815271453993706,0.46364230083766694
2023-02-24 20:28:35,3174.713711065744,1454.3156636093252,0.21960207627035513,0.18182177794706567
2023-11-15 02:09:02,2793.675087615347,3822.7783059476856,0.44482166239218257,0.4905984028273562
2023-11-30 08:41:16,2426.4289608818262,3109.4017576227957,0.330449316714444,0.35301810611620466
2023-07-01 18:57:56,1049.3414437820668,3412.535052975061,0.4829373936182717,0.5970648498421738
2023-04-20 16:17:55,1997.0585438588614,3424.694146674483,0.4113098811738932,0.4700299441892645
2023-11-15 03:26:06,4199.050109799116,1731.1206509528315,0.2891408786126727,0.21778294940418141
2023-11-13 21:41:37,4849.0695507776445,1606.984495819061,0.3546576172414496,0.2396746011928771
2023-12-05 06:42:36,3710.8710322675993,4091.3830876588036,0.46723187177072134,0.485010607757897
2023-09-02 14:32:44,1722.3164920489116,807.948989804664,0.29724424165293806,0.2700651941732698
2023-04-18 21:17:43,4082.8685917457983,2566.895367199134,0.31005979418658647,0.263055559587055
2023-02-12 05:08:19,3735.6762796947255,3696.189989554401,0.44984686827943954,0.4480705898834797
2023-08-29 21:16:09,4873.323503450236,2763.468106792966,0.45068642780629975,0.3555981086155689
2023-02-07 16:35:44,3065.791182231509,2133.923515164508,0.268242737083089,0.24324606372176047
2023-12-25 02:54:00,1493.064574676203,1177.3674505406007,0.23921114059094553,0.23165931367636966
2023-01-22 00:11:34,1661.5123309675237,2072.223813416491,0.185073061617035,0.19267422476684512
2023-06-27 20:12:53,1588.7456061415999,3125.8130038808736,0.21152858983387343,0.24404195974621443
2023-12-28 03:58:11,1399.32247507475,1901.2300801459303,0.3985623601748579,0.41856650814154595
2023-09-17 21:39:09,1117.0262641717509,4345.9690116614,0.1406411837361965,0.1860534167585316
2023-05-17 10:00:08,1591.6990853300751,981.709236328705,0.39333023883468377,0.3693374935352396
2023-03-31 16:07:32,1899.7446571150917,4082.0602473235886,0.3059719967164852,0.372744742576646
2023-03-20 19:22:40,2634.9211178628484,4188.7298390146425,0.131150025896144,0.15152823129781523
2023-02-12 08:37:02,1714.5806722194945,2891.5236057767174,0.13560956551058664,0.15157003749563167
2023-01-04 05:35:47,3670.388754589295,1249.2855587622855,0.3035855648546465,0.23008436672699323
2023-12-05 04:08:17,3697.066115160463,3997.198193226989,0.4321990645860402,0.4451707449253019
2023-11-12 02:59:01,4359.142248780085,3709.1956334757447,0.30217377902298376,0.2825340965320128
2023-11-09 21:56:33,3506.5407096382696,4042.9906217375346,0.4587581624743772,0.4833682400677972
2023-12-08 19:13:37,3301.701858126821,2372.5521352285878,0.41310643238475364,0.3747226596669765
2023-10-20 19:30:34,2874.695263950229,3426.782287301254,0.37320981844297996,0.3938142482179361
2023-10-27 09:15:59,3640.077012517291,3037.5834282147316,0.3726313904820817,0.3501805882745621
2023-11-25 14:47:29,4784.632128936941,1434.6193975726956,0.11382421885329547,0.07569296062368247
2023-02-12 15:33:03,4569.508969103565,1742.3310215781949,0.18746980969718643,0.1344687585169201
2023-01-29 21:31:05,3142.401261272984,1448.2718325241908,0.47706357343916217,0.39624282952442763
2023-08-27 04:17:47,3883.6644318974704,3334.7899820029743,0.1946693661260732,0.18398446200169732
2023-08-26 20:01:19,4170.190431027986,3445.0318524597305,0.27014625059433733,0.250556363485684
2023-01-14 05:58:40,2063.709821241349,3437.917050767407,0.3460468841931073,0.3936008971944208
2023-05-13 15:14:06,4323.599775996345,911.6126190250676,0.12159866736390011,0.08010935822885516
2023-12-05 16:28:04,2824.566016051484,1847.7912224702395,0.17672993016792238,0.15946739606198237
2023-07-31 20:37:29,2826.249369523285,2763.6127719560864,0.2797258980568645,0.27797379020629337
2023-02-16 13:27:47,3483.0024950982774,2309.9935227285287,0.1831891573414345,0.16170090482119887
2023-02-27 00:40:46,1715.1805838304472,1183.5530299277527,0.13504668212370713,0.127867228395697
2023-05-05 04:10:41,4244.708015176147,4058.7705858730565,0.47335986348311343,0.46455833186798223
2023-07-15 14:13:53,3537.177598763259,3154.8236512986273,0.4543488682562892,0.4369766599259012
2023-07-11 23:31:10,3785.322090217743,3905.9103541147297,0.20241035750280545,0.2048511888634086
2023-04-15 12:42:04,4328.894287996134,841.0755999052197,0.179953172897608,0.11718876895625474
2023-05-11 15:25:46,3825.291288175063,914.2258823468338,0.48475407362861345,0.34363899222115674
2023-11-03 05:04:21,1515.9938984005757,2840.8788870136755,0.4902395593365122,0.5551906626354368
2023-02-12 00:09:29,2009.7256504350894,2754.932409892869,0.21799977487490707,0.23424526545461255
2023-04-20 04:44:29,4344.436030745399,3008.662625997681,0.4432941678728267,0.38408011188039753
2023-03-08 08:51:19,3833.9102547075513,2419.70050477161,0.431740056264465,0.37068295656375516
2023-03-16 21:09:52,2573.5350615073007,1122.8560460856222,0.49052565864837705,0.41936613069566725
2023-07-27 10:18:06,2229.012320739871,1576.7130298839165,0.19342191860501323,0.1808050205708084
2023-08-03 08:47:42,4122.505506279374,3800.552278763632,0.14832945180415452,0.1435539372297557
2023-03-20 12:49:11,2373.04116788429,2097.2770931472132,0.3599759695312551,0.35004912551471823
2023-09-21 00:35:36,4510.604311183795,861.4725965371516,0.21070074097525177,0.1338132653560179
2023-02-25 19:44:51,1176.7237686996941,1036.3098931507002,0.1221653649568697,0.12044999372172456
2023-08-08 08:39:39,3420.5728259779617,4157.819057897312,0.3268320827188511,0.35092765486433375
2023-04-03 17:52:14,4508.508276579296,2609.8505209396467,0.2223048998863468,0.180096807657756
2023-10-14 07:03:03,3728.234994428598,1609.8217526472017,0.49815221443809954,0.39262298968925996
2023-03-23 14:00:25,4514.646341669665,4428.285378459126,0.18995469095801149,0.18831422395026207
2023-11-03 11:20:16,1548.2417782639936,1047.712905352728,0.23904001440892853,0.22707537150964915
2023-08-22 02:57:27,3813.1331295185296,2892.992614129349,0.30399266223710053,0.27602106574656304
2023-10-18 08:10:30,1913.1075660449692,3043.1486291749034,0.11128488240027333,0.12386053108206278
2023-11-28 18:39:59,3129.5668849564127,2043.944456025349,0.1574659045747614,0.14037105279493345
2023-10-09 04:52:11,2055.7035486349123,2111.1797200746514,0.11496179019717614,0.11559955419537593
2023-11-02 23:25:23,3068.3578038257874,1631.6091748533795,0.10822581806334651,0.09267648849115347
2023-04-01 17:41:03,1370.5153671030853,2923.58370461383,0.2295423917756413,0.2651918938539648
2023-12-15 08:46:36,2018.5130490864426,2777.2112905243484,0.3419103523113214,0.3678510306141228
2023-02-24 06:47:19,1079.691967074016,1917.341084333868,0.2079936068631378,0.2254161729815978
2023-12-27 03:49:48,3381.5042276194104,2460.7094359199077,0.11261222268700366,0.1022429478738139
2023-01-10 13:02:52,3857.5001605831576,2243.264249304178,0.2276518511347185,0.1909034717976386
2023-10-14 03:17:30,2311.6560284177963,2886.37584994216,0.35050631273042177,0.37065060527998084
2023-07-04 07:21:20,4791.885337174705,2785.355586839203,0.29280609766108623,0.23405368305742505
2023-10-20 13:23:16,4582.881318336042,4326.742820781008,0.4130628727642196,0.40248274240166027
2023-02-24 09:16:44,4512.872752368185,2181.7552900351857,0.3749363622832914,0.2875342921450722
2023-11-11 01:08:24,4878.119603859901,2479.4792656463974,0.1838352639829849,0.13973979600541334
2023-04-23 04:47:26,3391.2378759419444,3975.3311141779513,0.21123710955646968,0.22357532629211496
2023-01-23 11:19:15,1833.7633816867567,2254.428002746922,0.14507432689959923,0.15117709057467707
2023-09-30 22:35:55,4468.194319754152,1515.3923897497505,0.3913377636899049,0.2757834732991891
2023-02-08 17:09:42,4687.362644584066,1740.3716517460366,0.3778377569913013,0.26648931033055234
2023-02-22 15:45:46,2728.399400680104,4280.369209986042,0.3114840101134062,0.3598253880911614
2023-10-11 15:36:04,4099.896492021679,2900.8469516968235,0.24967929146337858,0.21974150749759863
2023-01-10 05:35:00,4308.494317458784,1158.6208803902684,0.303778431657149,0.2080920703940303
2023-08-13 18:04:00,3412.3851635843344,1055.7603173145621,0.4020342537928241,0.30728986263885444
2023-08-30 21:17:54,4981.357960199683,3192.2501699084387,0.4757799040060019,0.39065775073388603
2023-08-28 11:46:49,1445.519033816609,2671.818194153578,0.1471424797091169,0.16518654964083587
2023-05-18 00:00:05,1759.3878692175608,2270.7694510991514,0.4444899918294901,0.46722039134472015
2023-09-10 11:14:15,4185.983563419281,1174.9488176344346,0.4902418012872224,0.3426282915360247
2023-09-28 01:37:34,1492.7883867669743,1917.731403359775,0.4105701186617676,0.4280170091364672
2023-10-14 05:18:58,2283.586421122362,2209.073367696429,0.49522879423406485,0.4915386932737825
2023-12-06 20:43:55,1635.486786968006,4433.382504296864,0.15893374568601573,0.20340175032540944
2023-04-12 18:38:56,4718.5464121974765,2756.7325395169905,0.1506191859274574,0.12107050508302468
2023-03-02 04:32:27,2335.552026564467,1564.3656681111263,0.39487292917362926,0.3644208675435078
2023-06-05 03:14:47,3921.401969820892,4458.4358364369655,0.4958045692559041,0.5224309537472456
2023-07-30 03:52:20,2512.0806617227013,2329.192917168959,0.29109754465584026,0.28577372731711637
2023-01-02 03:05:50,2735.002481793838,2684.4555830851727,0.30105553262369544,0.2995337902723741
2023-12-23 19:49:52,3675.926299973806,2969.0303987885864,0.22125927255808886,0.20561854527103524
2023-07-13 15:01:08,2758.786310982489,1915.2265993628303,0.24813954611639844,0.22720749372006022
2023-10-22 08:59:46,4258.028162461484,2851.2233234309197,0.18240644825547003,0.15674542084785267
2023-07-19 07:54:47,3147.5552801246417,4066.414074403554,0.3989343344606545,0.4355907666165522
2023-01-05 15:35:25,3147.255005812067,2501.2551224889294,0.3415694435919814,0.3195040615212645
2023-06-02 20:54:48,3157.1405028538456,3698.2036048213918,0.4923890383316675,0.5190303923771225
2023-02-21 10:51:39,2159.1438915115355,4244.743239388805,0.1577448801558414,0.1906441420742415
2023-11-05 07:47:22,1721.2517986518571,4450.890052669856,0.293241729329814,0.3732861135351192
2023-12-12 07:36:48,3705.0800571994455,823.3485981961846,0.12774424496657627,0.0909317840238961
2023-09-16 19:18:08,3593.71854009989,4185.452817220918,0.49796655910278487,0.5274329472908981
2023-04-19 21:50:19,4923.63101077514,1535.5213516705512,0.19304678210152493,0.1276404153918014
2023-03-22 13:48:06,2955.330317667046,3636.2356277015438,0.19912228431459855,0.21268062638819948
2023-04-27 23:08:38,4071.883820607664,3232.004517881903,0.3203141243604881,0.2934116040183782
2023-09-04 17:16:59,2705.487997827434,3734.3924003234924,0.2185264925092728,0.24101077952975408
2023-02-02 06:38:35,1646.8344334441185,2754.592912586195,0.20851566565823873,0.23161416532492554
2023-02-26 03:03:46,1851.0156765849247,992.4016273061873,0.45547252367674484,0.4163650128878153
2023-03-24 21:24:59,1603.4963305106257,3121.913063900185,0.4197833102229921,0.4835239104870172
2023-03-18 14:07:17,1160.6805483484743,2335.8172057434504,0.39010563977306323,0.4359483835284478
2023-04-08 11:06:58,1220.3318566285652,3225.598553447499,0.29523470104621774,0.35443713242154523
2023-01-11 22:11:47,1390.610816119949,1532.0629215541405,0.4436242069749642,0.44989936478478243
2023-06-21 00:07:10,4888.92251156513,3305.2287826088555,0.25012094461978723,0.21050944747228956
2023-11-26 14:58:46,4667.912184201667,3435.0490235497905,0.33760360683115254,0.29598170185461975
2023-11-25 04:43:02,3028.8870434255277,1443.1472545812308,0.23455605522989076,0.19736156828065093
2023-04-08 01:05:32,2102.439038198694,3535.3627717354257,0.10698487809681755,0.12231499519226392
2023-05-07 22:45:48,3562.6292896953787,3791.504149157437,0.147647507361153,0.1510267876108737
2023-05-18 13:43:02,4216.7418019964025,1644.4476841743415,0.44743602976216856,0.3323423230162803
2023-07-26 12:14:12,4296.282533948696,3934.318997347076,0.4166755320263603,0.401593397107598
2023-06-28 11:18:22,4875.310685979999,2444.3733858450864,0.44097164372876907,0.33377420202456226
2023-09-20 08:46:21,3772.214598530601,3743.987584744247,0.302953288342245,0.3020981416775792
2023-11-29 13:38:36,2956.284752999143,1356.0206315968853,0.3249876918940273,0.272981077570493
2023-11-22 01:48:55,3403.814111168431,2364.7696730150165,0.4380135475172514,0.39250199347888676
2023-05-25 09:11:24,3182.2289702010917,1387.8426016583255,0.29996960868081757,0.24614347100142087
2023-11-08 12:49:29,4113.579044207656,1754.3707821136081,0.15610533975357443,0.1192768390232113
2023-01-19 04:32:45,1022.9616422698808,3426.6667434371484,0.36978116751749535,0.4586656553852345
2023-08-13 13:47:32,3423.9951286927844,1597.3878828094944,0.30348546561182643,0.24805059056114384
2023-04-09 21:01:36,2919.372304717493,4317.021321580078,0.20560430878147362,0.23434057478458742
2023-02-07 21:35:00,4141.313807614322,4470.041179748555,0.3383686977409408,0.34949180302302696
2023-09-30 16:09:59,4477.318821874838,1674.7526896920717,0.24459239314642517,0.17604375742425482
2023-05-18 17:39:56,4471.2905427044825,3655.5350381332914,0.21872067190656974,0.20087841269944037
2023-09-14 09:01:25,3716.2577427217234,2528.9891990614715,0.2729087445386712,0.24050714777061363
2023-06-19 13:27:16,2947.97002336416,1990.7498314341476,0.3363664819166946,0.30416880307878247
2023-10-05 05:45:35,3597.1130461711364,3544.5763242324206,0.2116413185863651,0.2105294244758336
2023-12-27 01:44:00,4708.983887708834,4006.0579753424086,0.1144020918229825,0.10636047234585275
2023-10-08 23:49:12,2269.8389598802255,4018.1239938510084,0.1257038915187809,0.14768051474419802
2023-07-07 09:27:54,3843.4754087055485,2879.0044879063694,0.34153399723974465,0.3085940363595406
2023-01-05 03:37:51,3354.918788729681,1930.7847551530328,0.35086467091960805,0.3008968390159796
2023-08-04 01:15:04,3332.070849150881,2621.248741727585,0.3931044243015246,0.3651616927695815
2023-12-09 01:29:01,4953.109223574904,3371.04108436708,0.24158859554489767,0.2033676335641429
2023-03-10 19:12:12,1520.762148418777,4149.386334897621,0.33132143045667994,0.4184133830163997
2023-05-04 04:21:46,4750.417173158123,4107.125903617458,0.3994837585005787,0.3737853170839074
2023-03-04 07:27:03,1357.397075881424,2833.050548703568,0.48590361130495896,0.5576061464528574
2023-07-07 11:17:53,3020.367834886824,3990.3352901370336,0.3456921937516304,0.3792232114989435
2023-06-17 11:53:33,4730.319311540026,3191.981056130129,0.448176801931792,0.379232049971898
2023-03-10 17:58:05,4626.776480135033,4344.096068931312,0.1843593788375519,0.17914790033564573
2023-04-29 02:16:19,1840.0899486253738,1268.8556722980984,0.3343604435203511,0.31526062892166967
2023-10-31 01:56:49,1843.4693941531518,3768.4937459357247,0.19120058359217393,0.22800716154117137
2023-11-17 02:29:12,4984.420622358151,4271.507233970053,0.3289160719813416,0.3054672048441894
2023-03-18 18:15:24,1930.8007950422607,4451.128969301723,0.38644520465182175,0.4838420783609668
2023-01-30 05:15:46,1183.0097944829413,2343.122100673557,0.20359983394473913,0.22721970123450488
2023-02-09 23:58:08,4013.172695947012,4232.542756812711,0.2780123782002306,0.2841111374329508
2023-10-14 05:54:44,4255.5700025595415,4158.767494387457,0.30147233668910484,0.29855400885550437
2023-12-29 10:24:22,4952.364538327178,2678.4150705330544,0.18419889820754234,0.14231299955281188
2023-05-06 19:05:12,4080.1972567672915,1228.10326188963,0.19095645009274623,0.13649387563347848
2023-02-05 11:45:52,3090.927928512301,3813.457520082209,0.41194774920417243,0.44171219310223575
2023-08-15 23:45:40,3841.4176430466396,3862.594341514082,0.4661840692080159,0.46717129315441025
2023-12-28 09:20:16,1047.5466725051215,3327.82217269907,0.19968474800404593,0.24521837186764878
2023-06-15 05:08:02,4194.1349871785715,1070.5174907368882,0.29052793374134456,0.19977812003739318
2023-08-08 19:22:20,2777.3698186362644,2420.005992277759,0.3144665217497207,0.30322862580230764
2023-02-05 23:08:25,3367.3799849301627,3069.388616895256,0.22895803169120127,0.2221352799825772
2023-10-06 08:34:59,2719.388298926373,1456.4585516133097,0.30351958923429745,0.26518719742067387
2023-10-29 23:56:18,2125.459634100022,1809.8005907715994,0.32855401560345454,0.31818291097874474
2023-08-21 04:53:55,4802.642479334128,1268.9959771496697,0.46944815836701503,0.30356177408996116
2023-08-14 11:36:12,1102.7831987047095,1500.2995296597514,0.3094493656495918,0.3217504832945309
2023-03-29 13:33:10,1288.6525441567178,4009.9888193359902,0.215888589579744,0.27463913460180867
2023-05-28 18:20:38,3009.750797905916,1094.668655540104,0.16453684625781664,0.13302668865486328
2023-01-20 14:18:47,3393.7553854848657,3627.7438129160496,0.3337403260557814,0.3415494634621977
2023-02-22 01:33:30,4185.38991929744,1114.8005264225271,0.38769565167469344,0.2686502361050893
2023-12-05 05:30:31,1569.675960132042,3995.487307278996,0.4978511100201012,0.618620397207748
2023-08-30 20:41:39,2916.123452101586,3234.5854293218194,0.24846240752639762,0.25637499048297324
2023-06-04 15:31:19,3540.098280625044,2872.5298810188933,0.16288558258638453,0.1520118558177737
2023-10-06 11:06:46,2392.355252807938,2111.974000433549,0.31654634712120205,0.307670980997164
2023-01-26 18:24:52,2071.244708784167,3253.7872925398656,0.36713762446929177,0.41055321197267636
2023-11-16 20:51:24,2491.237581193832,1708.0273599932536,0.14785243565255968,0.13627248176931112
2023-08-26 02:42:35,1474.1363134972887,1609.798087755817,0.3690545533086588,0.3740612128586629
2023-09-04 05:21:45,3645.0500537000325,2332.6375718786103,0.4609787833990123,0.4004793524802406
2023-05-07 06:10:25,4428.895862809653,2636.0620907610905,0.25737079633289206,0.21122849077242792
2023-03-31 18:35:17,1419.706268597627,1774.8457855090446,0.1735034127821385,0.17966520460193158
2023-01-20 09:35:15,2719.313310046914,3987.1187253012895,0.2354291248263953,0.26527695676274554
2023-02-05 12:31:39,1036.1419978194722,3898.9327130803526,0.36708324530488046,0.47217149594354485
2023-08-24 08:35:07,2728.8578436602156,1757.638421916246,0.22543460247663094,0.20353995605078742
2023-10-05 20:06:53,1589.0068357417827,4135.409519197718,0.27314444468811355,0.3426980193806029
2023-10-22 22:01:48,4840.534726400405,1921.5999522240052,0.2515221204599861,0.17810445407146225
2023-10-14 16:44:25,4873.439989615299,1172.6555014247188,0.3591719961362634,0.22625018094691032
2023-11-16 02:53:05,3748.2648624598983,3170.912860789144,0.27190453915091395,0.25620607615669955
2023-07-03 04:52:10,2292.8569303306517,3919.1409924954523,0.15613636601993652,0.18152857437819175
2023-04-28 18:21:29,3075.7314183965796,3372.7767432973487,0.4727594253076729,0.4868025230167147
2023-12-12 21:51:03,4350.889803882974,1851.271538380874,0.3962097544601322,0.29717244053826736
2023-07-02 03:56:51,1505.9843879794803,4160.120293106457,0.39342619265570467,0.4978468510501956
2023-11-05 01:07:27,3150.69285516013,4331.7524387620015,0.39097227361836073,0.43714842868631854
2023-04-16 15:48:15,4009.597562389835,1103.3849191570139,0.2204170073036854,0.15635913796273423
2023-04-16 23:24:28,2956.9678735439184,3512.935759936768,0.35701605936546954,0.37686500575884196
2023-03-11 08:58:40,1671.1519703501879,1539.9402433790524,0.2885783421477489,0.2847918558837816
2023-06-03 13:08:15,2905.010187523324,1888.3649264371497,0.4847882436358707,0.4355024765836009
2023-10-05 05:23:13,2906.9077801267713,1159.0072144298401,0.4083547882537064,0.336978431714336
2023-08-06 10:01:41,3379.28220457825,1127.1400363056327,0.3637759844408105,0.2818484610044072
2023-02-27 06:32:59,3845.8143264628025,3136.4154928031357,0.29669944495434675,0.2756516209345383
2023-05-10 19:10:53,4865.715659615661,4014.4255000006488,0.4584761045114587,0.41944648489253583
2023-08-24 17:46:29,1629.4697018377783,1896.0853477345859,0.49568405980426367,0.5088997723808103
2023-02-07 03:26:46,3165.91449939386,2402.7794197690364,0.3082017569280514,0.2846817996966715
2023-10-12 12:22:20,4650.851838147154,2227.625959975356,0.4530334673521633,0.3432532251755973
2023-10-29 17:50:43,4653.10351460052,2541.0333646024483,0.45929779916647884,0.362290882008546
2023-03-11 22:19:21,1396.7222817885347,3832.531223901375,0.31221852796350086,0.3882689961941812
2023-09-23 09:43:51,3678.221455608171,810.0856912427048,0.48872620318517,0.34855289295137704
2023-06-08 08:16:05,3067.899985979659,2014.3797193521614,0.4644057604908086,0.4154796724292464
2023-01-09 00:20:11,1370.7661808390944,4218.283644405561,0.47870424908447085,0.6150161199996211
2023-12-03 22:11:54,2069.5114045678947,1492.9728100549892,0.22757800735803319,0.2144572569076084
2023-03-28 12:39:55,3065.413331595967,2318.399183699933,0.2137125472856874,0.1977479176451565
2023-09-07 04:01:56,1857.1156619817652,1920.4918091851805,0.21504617362484477,0.2164090534203627
2023-03-12 14:21:27,4619.225265753118,1879.6370869099524,0.4875654386865209,0.3539925874627134
2023-03-19 15:45:20,4785.047902505955,3393.394092309526,0.37651092318418267,0.3241136371011984
2023-10-17 15:15:49,4929.923542943382,2449.8311350530307,0.45044937909248717,0.3387337705698672
2023-03-26 15:10:37,3349.496335853015,3627.508282528355,0.18221058456753314,0.1872762564995803
2023-12-28 12:53:18,2141.7620329901247,1037.414290681221,0.44617948943313535,0.3969057582511331
2023-11-06 08:41:16,2943.235881649447,3989.424381008926,0.40699063670758007,0.44956952905462627
2023-05-11 07:59:14,2542.633070200017,3746.3477243459656,0.4781048326919608,0.5356550120248919
2023-04-24 00:07:02,4829.10607156416,2060.880926456685,0.21950132603698733,0.1587384170249851
2023-04-24 11:37:52,2514.4851112908946,2862.1715893261226,0.4985205215908617,0.5158534060288829
2023-12-08 08:31:10,3279.0980955650516,4160.910307512184,0.45198915309173315,0.4918461085781264
2023-01-04 23:36:35,2596.2358361422584,1431.8344861422875,0.1973133064689271,0.17433811842638944
2023-09-14 06:07:23,1238.6679851538559,3821.4443108611076,0.1428127063384993,0.1796980340326251
2023-11-13 16:05:42,1049.9392356252315,1955.2532960164776,0.266704039231912,0.29084913089989084
2023-02-02 14:22:07,1119.6414713456204,1432.521545714574,0.38741511783501426,0.3995365649230018
2023-06-14 04:34:24,3351.319679078788,3076.4575396186438,0.2288054359976766,0.22251644083183336
2023-08-13 21:07:25,1402.8663197220208,3284.538785737947,0.36517240528623685,0.43388589132382893
2023-02-03 03:19:28,1323.0666114243436,908.2438455052417,0.2991063483431121,0.2866987360707469
2023-09-23 07:31:58,3773.2222525093184,3976.305201743649,0.34160902455916947,0.34854652137842335
2023-08-02 01:42:48,3479.7422101613965,4286.2985035412385,0.4857545389464374,0.5249333769889446
2023-04-23 08:07:11,1436.3999316330548,3500.817713927797,0.24417344681896547,0.29458104737669266
2023-06-22 02:08:22,2229.1080995954057,2100.8603628630726,0.30457875362418885,0.3006726000432831
2023-05-27 18:36:44,1969.6792722157152,1611.2673461576933,0.2365429455330159,0.22806496426262332
2023-12-21 14:35:09,4874.777391806147,3719.527745201353,0.49600034139636984,0.4386999194849685
2023-12-18 01:13:24,2948.6312072260425,3477.9724190646793,0.367111418869002,0.38654413920339387
2023-12-12 18:31:58,2278.7011857186135,3302.186712480877,0.1299980915591501,0.14330320808090066
2023-04-14 15:19:10,3614.118352285451,2848.5593309648407,0.4424697629025175,0.4085960910373561
2023-03-02 17:09:41,2826.945294363906,3393.8746533060635,0.47773542791674706,0.5048196519060268
2023-04-13 21:03:44,4866.096067071589,1774.9851855309826,0.2986322542631604,0.2063217131899748
2023-08-18 11:34:35,3715.8101636810243,1435.0991191842834,0.40068213610775705,0.3092981187924062
2023-06-20 17:55:54,3567.9278450137394,3946.359672652604,0.373977134466286,0.38812961951540825
2023-06-06 16:39:40,4264.3417013680855,4369.753807544257,0.42781839295091106,0.43232811673709715
2023-10-08 08:27:29,1482.089520826003,2614.3322085291097,0.3712210466694915,0.4132522782307941
2023-10-08 06:12:12,4624.487082052294,3693.409450612158,0.16564167765565918,0.15021915156571902
2023-02-03 22:44:26,2636.171774691772,3492.0437779615104,0.16462396608953994,0.17871367045386632
2023-01-31 23:38:28,1395.0926540320393,4200.207218685227,0.2711177045102804,0.3471693266759931
2023-05-31 09:45:34,3991.6982000556955,1807.4761330893766,0.2261984005610469,0.17679164675925438
2023-12-29 20:28:38,1295.2752004409404,1364.784247841912,0.3983777755569301,0.4011468615253981
2023-04-17 08:57:01,1191.8031628559227,4061.5476482610975,0.3031477713793914,0.3901434358972791
2023-05-27 23:37:17,1363.6181773037524,2308.391102874294,0.20586217320621594,0.22531147397065054
2023-11-19 20:31:31,2205.970182347499,3525.5859932477506,0.48396410499179243,0.5478287734773283
2023-11-04 20:34:45,1710.815549887253,807.4184729237711,0.1156487804334549,0.10520110341365745
2023-08-26 17:13:51,2929.3432789460394,1405.856402675258,0.23112265755922762,0.1959114239991967
2023-05-05 14:34:53,4924.958762275239,3872.805326012975,0.46446228493360686,0.4155937260228951
2023-09-06 02:18:13,3013.6815485173056,2351.5278355223318,0.4477716374334224,0.41812227220338444
2023-07-05 01:14:23,1240.7733830113564,3323.8540605567587,0.49682962420477517,0.6003232432260862
2023-04-30 03:23:08,3206.543348170806,1709.6355479818392,0.26957766806013805,0.22922437665254078
2023-09-17 19:54:18,1861.006352064489,898.0763119611698,0.15302402675151858,0.13828888352985746
2023-10-26 02:37:51,1874.6754219751435,3820.8553249301963,0.11756769302607056,0.14044848116648329
2023-05-12 14:45:40,2433.42271404671,2127.7380116631684,0.42725444330664364,0.4141939285722199
2023-04-24 04:06:04,4544.937076620747,2265.2273356824253,0.15668408898559827,0.12096466459454676
2023-12-05 06:29:05,4237.559347641454,1445.389312136672,0.14468155473655822,0.10428400455399194
2023-11-15 04:11:28,3442.2899093917486,4479.233190134021,0.15405398045104743,0.17002850444107895
2023-06-02 03:15:37,1325.1094147893095,2409.253104793138,0.2221506901882856,0.24623501708804812
2023-02-05 12:19:04,2475.60709414971,1193.4203356584835,0.26550164946456023,0.23145937953445642
2023-03-27 00:07:23,2956.136875710038,2578.4094988260476,0.4071060689093633,0.3917285581570946
2023-08-20 14:26:18,1405.4683372967015,4404.810351369394,0.20924750945536133,0.2720079941003151
2023-03-16 12:45:54,3442.0382145624003,3529.7815535418054,0.3894043034569158,0.39282106683674173
2023-08-29 23:29:57,3819.1419086991614,3761.7036137464006,0.21107293414866649,0.2098605672038489
2023-07-22 21:26:50,4575.097339225387,2820.3053886112384,0.37470509751889114,0.3089521486208672
2023-11-01 14:13:53,1414.3906886107739,2406.4060862669494,0.33374701298441656,0.36685523056464625
2023-11-30 20:00:00,4077.5614313259002,2415.9592609982756,0.49350378690706975,0.41150309056810086
2023-01-01 15:43:59,4024.257602492763,823.2064654337642,0.4835464459764326,0.3287607559050629
2023-05-16 00:10:25,4051.134045154195,3478.0307926780506,0.4608421537249683,0.4344311400071792
2023-01-12 05:11:04,2870.398988776844,992.8090494353031,0.18806652641664057,0.15275534462396112
2023-03-27 15:57:13,4262.792934162997,3307.3917065463743,0.24201566361610105,0.2188934574039736
2023-06-13 11:30:43,2076.9083667137365,4321.006885596157,0.1892674372174847,0.23174091477072759
2023-09-12 03:20:23,2772.218123064429,4479.467392027895,0.11634148506623712,0.13620387659918287
2023-12-01 09:40:03,3260.4364994004886,2577.8329958150025,0.39272932386332327,0.3659214826203369
2023-03-11 22:04:08,1504.2963898356643,4109.487121466906,0.36424352502063717,0.4591359105646828
2023-10-11 04:28:17,4405.721265282267,3257.9908703911196,0.41562472120120486,0.36792220866212666
2023-02-16 06:38:29,2779.381025179867,3131.3076286100463,0.4029953065805717,0.41717778352489215
2023-09-19 22:56:45,3328.107490041704,2465.002453077064,0.33219813843143,0.3035259497763856
2023-09-09 03:34:33,1958.7784634755926,3115.9894501253348,0.25469316073661613,0.28416653311951223
2023-03-27 18:07:07,1917.501684342877,2363.1805691639056,0.25692613536458025,0.2683767907136465
2023-09-12 16:24:42,1398.5073647088907,4446.259196496971,0.3736364676110858,0.48751159046953724
2023-12-05 09:24:59,3480.816691828389,3975.3275547960925,0.42772514158938246,0.44887661447741734
2023-05-02 01:11:34,2907.673468748152,2496.485886118535,0.46913845046225744,0.4498480599258394
2023-12-16 06:16:18,3485.539568314133,1732.570843284354,0.34346827618046805,0.28325936156204296
2023-08-19 10:55:40,2159.2536070714277,3357.3178835722083,0.4876367348051168,0.5460587499930664
2023-01-05 13:59:30,4222.622174485436,3365.362791159932,0.15885199721114113,0.14523426069421638
2023-04-22 21:01:04,1544.7983115928541,966.0957902385871,0.31058618270959604,0.292612482006412
2023-04-19 11:21:31,1531.69277179241,2833.4665178423093,0.1911308914742863,0.21601180913232015
2023-06-20 02:01:23,1654.5189430032628,3624.535819872476,0.4238435625539818,0.5073414596923534
2023-06-10 12:11:53,4864.709356100422,3086.693229060232,0.22515830696253572,0.18512479687089034
2023-10-08 19:17:52,4402.376108211029,2140.6018809226885,0.395941423794809,0.3063884130093141
2023-07-19 06:04:34,1841.1301087711038,1515.0361874635182,0.30199931564759697,0.29215130154042374
2023-01-29 02:09:10,2853.915349285473,1742.3176477039897,0.17046200987436644,0.15151349203603584
2023-12-02 07:48:54,2184.1825632923574,4113.473408481728,0.34188411448006073,0.40784350369826633
2023-10-03 07:46:45,4281.220209493913,2000.4690065044654,0.15588175057485523,0.12032900156008501
2023-04-08 20:45:41,3046.2736130371936,2378.4616073658217,0.28969886612817863,0.2703524280452005
2023-02-10 03:38:37,1966.5810866544953,4043.4385345079168,0.161183123570958,0.19465856063662024
2023-07-31 11:41:46,1013.4201704599293,4363.326611070284,0.43574966439830154,0.5817217251244686
2023-05-08 19:49:30,1359.6076655972706,3477.510108649057,0.2563051429291645,0.310588071766806
2023-06-01 10:21:30,2323.9361540284517,2446.8743882643053,0.32048969802216254,0.32442974177872524
2023-01-03 15:26:49,1848.9596588016984,1086.2074729725507,0.4999125510941529,0.4617816119871038
2023-03-04 06:15:01,4043.2509242559518,1856.2783479550235,0.13799451429819928,0.10781549245318646
2023-03-25 16:23:43,3775.8755924816674,2417.416524035294,0.2865832903608263,0.24765212339523984
2023-06-16 10:51:02,3989.8959080552504,1330.1015047017777,0.2958405332760027,0.2171530338067408
2023-05-07 16:49:27,3529.4295134801087,2494.011532854037,0.4553333957827177,0.4081873572654223
2023-08-14 15:12:47,2020.0497970554688,4175.584199888575,0.3255617982507204,0.39573776388848425
2023-01-07 20:07:35,3833.9185350808184,3377.0111805371507,0.4365095346960657,0.416565093022959
2023-11-25 11:34:58,4824.404065626086,4372.942168440777,0.3109383803984128,0.29690069728617335
2023-04-22 22:48:38,2433.5709174681933,3269.3096311370377,0.272412566251518,0.29517913902214526
2023-01-14 15:35:01,2330.6584094782775,4173.473561262639,0.43582076709831896,0.5161344784054256
2023-06-07 18:41:12,2046.0575804467599,3755.630242947481,0.3526144633864252,0.4128964680872046
2023-04-08 19:39:57,3407.87384814301,3494.5391878949104,0.45220956790251843,0.45612865748665166
2023-12-16 21:48:30,4174.316205483323,2841.9801698255287,0.2135716452117746,0.18511672530073775
2023-08-25 19:53:30,1755.9767234059077,3956.8566563502786,0.30286031091275817,0.3695162289900764
2023-08-06 11:22:16,4627.1554138652755,3508.55817413747,0.3633255210451666,0.3226840285487876
2023-01-15 07:15:54,4380.305945854786,3160.2412799055787,0.4129439349909203,0.36256210458087546
2023-08-03 13:36:12,4057.000560807576,2927.5221677896284,0.3856558810379038,0.3420968825606426
2023-09-11 15:37:57,2362.3025210877777,1220.082911877558,0.39209343502894967,0.3473077540156837
2023-11-26 19:05:35,3257.546919306879,4281.795424968228,0.3952919632614149,0.4357796835284594
2023-01-06 17:40:20,4410.435419898383,1356.601952905125,0.27785052615724637,0.1929996025971779
2023-12-19 09:46:29,4093.1803558017245,1361.9255166507003,0.36344659889666686,0.2641800706957166
2023-08-30 20:30:39,3174.575200905788,1925.0667283594335,0.2617260346205167,0.22902314484608707
2023-10-12 19:22:05,2069.979709169655,4172.100950388961,0.38796199348006233,0.4695163082080848
2023-09-21 19:40:09,2058.7253963917788,2713.295612055962,0.2164788013892765,0.23064885896048676
2023-07-28 13:20:03,1809.179558206899,3270.723285529332,0.4817225378930411,0.5521283932497829
2023-03-20 00:08:30,3640.9949666050234,2680.778979785834,0.13040249985863675,0.11788104335009174
2023-04-05 02:27:45,1741.7118358585208,4104.230167000511,0.13121832627208146,0.16221889639203776
2023-10-11 07:31:51,1988.846087044644,1834.1779964901611,0.3188024179594191,0.31387156183442555
2023-05-11 22:44:16,3652.6718844445027,1797.4066708707353,0.47677719919306694,0.38832238396426416
2023-04-28 15:01:05,4428.137441211031,2002.3725134736426,0.23938243826361305,0.18131388595799974
2023-12-24 18:21:03,4716.5787789365695,2158.028037237412,0.3351989523499349,0.24943659953476427
2023-04-17 02:34:47,2720.357661281351,2218.91259374091,0.15862349103977916,0.1506693943219849
2023-12-12 00:01:19,4671.1402756012685,945.2295645661862,0.4829139835903288,0.3029845451935461
2023-10-21 01:40:06,4579.607400573772,1480.05487330999,0.22541125828040354,0.15554385475273014
2023-04-27 12:07:48,3103.2991203997267,4148.02952825916,0.3258910541954393,0.3599378835921735
2023-07-04 04:46:08,3891.4149275736263,1399.112113320511,0.12892009839376734,0.09678930598970985
2023-02-02 22:21:30,4440.0069388312,2409.0096440356024,0.4694191394676944,0.37408023922927797
2023-01-20 19:14:00,2828.552532290345,2887.337676152936,0.17404323441215525,0.17506635006947818
2023-03-22 06:53:25,2374.729209272345,822.6755802883976,0.20194453666554787,0.17060166156702333
2023-12-11 05:17:36,1720.595729384715,4255.65753571363,0.23008760827075825,0.2884162390544351
2023-04-28 03:31:52,4816.286583710966,4284.339838467768,0.4466171623598486,0.4228595077711412
2023-02-06 00:01:57,2436.8984866391165,2461.9060460467485,0.29369683071489106,0.29443129480908464
2023-07-26 14:55:11,1630.31138634937,1088.4417160527178,0.3278830377340364,0.31011605037875567
2023-12-05 00:11:06,2684.704203912836,4248.156672407277,0.12736171426261034,0.14727411291816653
2023-02-07 19:11:35,1059.2073680428155,1279.7892842316537,0.33106576622002126,0.3383684783297551
2023-09-04 23:31:13,4090.261285882688,910.0383606687659,0.16008758720483685,0.10917616571773633
2023-10-15 01:59:30,1739.3984763366025,2605.072114857555,0.363228603462187,0.3946723461395865
2023-03-04 22:21:50,3265.610671527547,847.0983865242812,0.31886516844259516,0.24174723572878995
2023-03-26 01:41:38,4555.415211242509,4247.460063018414,0.1846782181907507,0.17899095738508125
2023-09-11 09:15:39,1129.5060621521004,3618.680871690236,0.21519015199187846,0.2687547425517651
2023-04-07 02:38:01,1466.2256063156988,3771.025175816028,0.12705956253871223,0.15634424504272462
2023-03-05 18:11:37,3978.25091085486,2734.8013718236507,0.16111164050160373,0.1410782209901756
2023-02-11 15:12:54,1851.397850722924,1232.5301497122155,0.14886031330876334,0.13964782932185055
2023-10-29 06:56:38,3652.2184563142428,2967.432042510031,0.3653876271279568,0.3403663788450184
2023-08-29 16:07:50,4108.983403366965,3753.484842765141,0.3490139204702669,0.336606525834549
2023-10-21 14:07:59,1704.6427590802202,2866.7859246741473,0.28520992247725063,0.3183553986939017
2023-08-21 14:28:03,4923.006949450573,1074.0529000365855,0.30831932296583664,0.18964863230164303
2023-02-10 06:36:35,1661.9763124694932,3820.624799363822,0.1319704412945563,0.16045822063608337
2023-10-31 17:58:39,1984.797784118055,1557.9317638275613,0.32376658654548274,0.30994609111531196
2023-05-07 23:58:44,4755.239938824322,3891.8720679787893,0.3852071264995377,0.35194958083549455
2023-08-18 08:00:04,1623.1686743549822,814.1121798287446,0.4679877255286139,0.4301248746588651
2023-06-19 19:12:38,4680.79450175736,4464.394915761006,0.22889484578146294,0.22394157079508215
2023-08-23 09:11:07,1673.2353148315906,2457.991280724943,0.2606890041918968,0.2811467293201356
2023-05-29 14:31:15,2085.4532775275147,3284.4950573681394,0.1443703352023229,0.16168094157004098
2023-08-08 21:49:46,4325.278434149868,3940.702810082934,0.1546540335950969,0.14870641644666663
2023-11-03 12:12:24,4166.875785028762,2623.143765286708,0.21215961736731115,0.17940785790469707
2023-11-22 21:48:26,4894.727375401933,4361.38434561001,0.23745596496434965,0.22479141658472457
2023-07-31 16:12:20,3650.5618951178185,1435.5237657086282,0.32429945637726976,0.25246589025503724
2023-03-16 16:36:24,3781.7786763761924,2920.4245597900626,0.12628728700734326,0.11540947955371635
2023-04-21 17:43:06,4641.755976559989,2695.1637237666873,0.12251011414197009,0.09866239023421187
2023-05-19 17:09:41,1495.8033050960103,904.5152600709629,0.37717594380956854,0.35487398116500485
2023-12-27 20:10:38,2942.141539908865,1336.9618207992644,0.3553378059106064,0.29829970196254546
2023-08-23 04:51:08,3208.5891547395127,3323.531527458755,0.2822564942192861,0.28550081733538407
2023-06-08 15:36:49,4503.277612227697,2380.461773556876,0.3956567319715988,0.3116660942409942
2023-03-20 06:00:00,3607.818403331687,3947.2052281318074,0.1875034037450158,0.1938670222286394
2023-08-28 04:11:33,1172.8590118436446,2305.845320443169,0.15668436921283152,0.17443649372180062
2023-07-06 16:37:41,2567.60720133423,3802.6386373133478,0.35323785136420327,0.39686383644545425
2023-07-08 12:59:23,3523.214084535535,3914.4700229115883,0.49469887247678945,0.5140542596332377
2023-05-06 20:41:50,2650.507151900811,4253.929920423456,0.43807833156974574,0.50832080869328
2023-09-09 04:37:03,2090.1803332989757,1231.0475017410351,0.46641886293702106,0.42634728709630926
2023-06-03 09:39:04,3221.2289541178934,4382.433151909519,0.12759089064393156,0.1424067984255021
2023-06-30 06:57:00,1462.672432084043,2373.8613872891196,0.3376839520389897,0.3684533407837825
2023-08-17 22:40:12,3992.96956625125,3745.557633887505,0.14239165956680325,0.13886872000221293
2023-12-22 23:04:45,2463.774152838576,3332.7998980334323,0.40145872921869985,0.4363465263511259
2023-08-18 20:01:20,3993.7663166520565,2891.756168591727,0.39222038153404126,0.3489972974613805
2023-02-22 14:35:29,1913.2490388802737,2484.3593211529987,0.32234371643613,0.34075309752439775
2023-09-23 23:26:34,2340.6252264264513,2414.7418859924446,0.41883213958989207,0.4219363835004201
2023-07-04 03:41:00,4502.710708041448,1062.5209756605414,0.2106418450827306,0.13817705381639264
2023-10-20 17:24:08,4255.961690727194,909.0164318819902,0.343197002242567,0.22833084429200234
2023-11-26 12:07:09,1667.7372473031119,988.2199560682801,0.3923579243819536,0.365696524984899
2023-02-11 01:11:25,3553.4101067830015,1347.4705272373162,0.44861227613829646,0.3496511185579418
2023-02-26 02:47:13,1085.7252231057091,4452.988079766446,0.2848877560271257,0.38081695194588233
2023-05-21 21:24:34,3531.7319743877165,3867.9506876784194,0.43815903244334986,0.45289075905383014
2023-10-11 10:31:31,4476.405993492717,2674.4834554190747,0.12495514696971531,0.10243919741241186
2023-11-23 08:33:01,1540.9274154246089,2216.294529873052,0.24458648602581207,0.2611050529558458
2023-03-27 23:31:12,3751.0869798762897,4168.498585822897,0.18585165030520623,0.19360931388737856
2023-12-21 14:20:43,4024.1541422404334,3652.8429363374876,0.29400770280786126,0.2830908673404271
2023-12-21 06:23:01,1928.2367991215951,2488.3393536503854,0.49848797284041035,0.5264084115393896
2023-11-17 03:57:33,1352.5279062420866,2810.1795472912904,0.4678731611759316,0.5360727692950291
2023-04-18 21:49:00,2742.4357131257866,3991.8353380436424,0.29954021230449146,0.33696475519459607
2023-05-13 14:41:37,3209.1116219982414,4010.830200798845,0.2553209413742501,0.2757904955999097
2023-01-31 23:28:24,4608.445253454005,4238.875062555504,0.2013998443135094,0.19395670642252222
2023-12-15 10:35:14,4328.288170147432,2919.608850327206,0.11373582740060338,0.09771409660241613
2023-07-22 09:42:50,2958.566540189569,3958.0110068882404,0.24960645890198618,0.2745532383221701
2023-03-28 03:46:21,1219.333709721025,2955.5587400845407,0.29984670120955986,0.3519068360007567
2023-11-16 18:53:42,1136.3595692920976,3458.9442822744386,0.11932442014140787,0.14703852755199948
2023-04-15 19:24:41,3188.5097430248634,4202.16662370357,0.32739879717684406,0.3605858015252681
2023-02-24 19:36:41,1027.4246892282438,2920.135111132909,0.17352749987835087,0.20637123062903237
2023-11-01 00:13:00,2877.036527528174,846.8713211668975,0.19566863766162293,0.15594467164594908
2023-04-12 13:08:49,1593.022015800794,1931.8991589269779,0.19610096762615126,0.2027463811934943
2023-03-07 06:34:41,2771.4989225200134,1085.965198810124,0.24624611190033155,0.20474049930628677
2023-08-21 09:46:04,3105.549834652148,2313.268632142183,0.28710503226144757,0.26435824024077137
2023-04-23 06:30:52,2816.6141551765404,2544.646093832236,0.3110909258551615,0.3026302462544982
2023-02-24 14:40:55,3504.4352188209127,3366.8250831859227,0.293186381601464,0.28915183982761306
2023-04-27 08:24:48,2221.0480656402506,1283.1197164887233,0.263742327513518,0.23900518692890446
2023-07-08 09:58:09,1387.6904702846416,1864.1186254637041,0.4130867297725582,0.43276734463200744
2023-10-27 19:34:13,1523.813742377717,4287.316834344496,0.12650850504528963,0.1614691695305649
2023-05-04 22:43:56,2077.216928156528,2395.5615397185265,0.463710732352682,0.4784727136494764
2023-01-12 08:39:19,3912.992355348895,3096.033888813618,0.1551600466734264,0.14248411529363994
2023-08-13 16:08:36,1937.7529560276575,3622.0593038948828,0.39541429107622506,0.46201417112593557
2023-03-03 23:49:18,1275.9991198310488,1555.7943700837425,0.2999947046168935,0.30838841396217015
2023-10-28 00:10:31,2166.7866260461606,2278.8329255573244,0.2535822943727629,0.2564235901433648
2023-01-02 07:18:48,1230.0789538771348,3225.6906258512813,0.2567436043303143,0.30797965768094304
2023-11-23 19:19:28,2002.9696209235103,1167.3238767553673,0.1833495977772145,0.16802806666946749
2023-01-03 01:53:45,2531.5296079196596,2873.1185787042896,0.1511117925208108,0.15627360468887122
2023-05-30 08:12:14,2521.8219419346183,919.8276079826235,0.21866668503097136,0.1836364059866032
2023-06-24 19:17:44,3063.901636394753,810.938621649736,0.44595630485307725,0.34548399875044356
2023-03-31 05:30:32,1854.2513279892057,3201.5332174501655,0.1462503534757722,0.16595439873228937
2023-05-23 12:27:42,3106.326721000419,3718.918777112178,0.1432578609414716,0.15203372370030246
2023-01-15 06:23:23,2389.1776047078793,2440.552372107764,0.3300744310403506,0.33177018075228537
2023-09-16 08:13:51,2620.6637545944186,2533.968822223885,0.18049934961196012,0.1789345117212067
2023-10-08 20:33:34,4988.033506014822,1574.654556185852,0.39716226125659293,0.2615957310326201
2023-01-05 11:15:47,4066.7092338164293,2610.618608122564,0.49288115390149134,0.42111319112377765
2023-02-09 16:14:18,1749.2121418134893,1860.4090135026613,0.1395088339829262,0.14106012857411676
2023-03-21 01:11:05,2450.3130326232426,3274.2432443637686,0.2446253415983995,0.2647807625484263
2023-08-19 15:34:57,1114.1825717896845,3879.981537573862,0.39094111527620734,0.499067568507552
2023-08-15 05:00:34,1421.697465727727,1157.3901155434803,0.47891373878130716,0.4662556966548954
2023-11-26 06:42:04,2873.578478251908,3948.6969779151045,0.19396520906746806,0.21481876752341553
2023-12-30 01:32:30,2988.2152323047612,2730.5185763720374,0.34990907473370225,0.3408920348897634
2023-12-16 17:39:41,3559.740565197242,3184.637006875576,0.1133848691010595,0.10913176231509511
2023-09-20 16:51:08,4755.284216589593,4242.469886281102,0.4396293971116596,0.41708457162528545
2023-11-24 12:00:23,1570.3928229802254,1407.2996465076887,0.1579450442653296,0.1553690683675968
2023-07-29 04:52:45,4811.865225277025,4318.129789728439,0.238992677577231,0.2271927622015793
2023-02-15 00:14:50,2460.0007218564324,1062.6696516081447,0.43062550910168795,0.3704528687507604
2023-11-17 05:06:45,3670.7126024134645,4140.000410202199,0.12596620971462685,0.13187765035587018
2023-03-28 06:18:54,3677.4022774648656,2228.198467475622,0.1845172877727373,0.15777697212782404
2023-06-20 18:38:43,4126.907567027781,1995.211222086464,0.32479303168459844,0.25555701983415163
2023-09-09 18:44:59,2896.1925772894947,3652.0984451440777,0.20441783223939197,0.219869896127779
2023-10-06 04:50:17,2161.723170606741,1208.176187946807,0.34747214974359336,0.31433904774895693
2023-12-21 15:09:12,4715.238438336652,2486.5204901239913,0.23172470689473693,0.1800798055646751
2023-04-01 10:18:24,2031.9788543829939,1989.0520933677317,0.23252609078280562,0.23152793158992097
2023-03-29 15:45:20,4737.6414082160645,4405.992261412126,0.473214889693653,0.45752075825147104
2023-09-14 10:50:07,1024.6748042800684,1160.9758365035848,0.28021965267906457,0.2840390754700117
2023-07-10 19:45:31,2092.870399809449,904.89320765862,0.3491016731950836,0.30762919064533845
2023-02-06 02:28:14,3102.766588862209,4157.540017313447,0.20273161004092233,0.22411520157875262
2023-07-06 04:32:14,4589.434534120983,4357.580365179044,0.3097520388277123,0.30257030867366524
2023-05-17 07:28:20,1904.8160072641429,1387.1712878685348,0.36168271364563254,0.34296039896409897
2023-07-09 04:53:33,3386.385714526543,3262.2014744219255,0.12492694303199357,0.12337554728309147
2023-05-10 16:59:58,4295.583393688543,4338.14185042587,0.31852845493409043,0.3198840628809824
2023-03-30 00:48:45,2897.1655583227807,2368.1551121029997,0.4457044908026553,0.422126257646488
2023-11-03 12:18:16,3526.7028694772453,1742.212234211553,0.14115711420957622,0.11596775936876437
2023-01-01 22:56:53,1409.0832307450696,2111.265301769678,0.33037810501524884,0.35357666321532816
2023-11-07 18:16:00,3603.1003068219284,2257.841783579959,0.3743907436846442,0.3240255097881775
2023-08-01 12:27:54,3607.6801583487095,2281.1768744182127,0.2113212248355518,0.18328939496469437
2023-12-22 15:53:57,4400.141812332382,4044.7614494764516,0.34323599440178476,0.33103806117821255
2023-07-20 00:17:37,3961.927787107489,3428.019037324739,0.4831731011602345,0.45737606652332297
2023-12-07 06:32:17,4349.110983526445,1163.3376672092754,0.19964140294820956,0.13604017751375658
2023-07-08 03:28:34,1730.7699873181823,4186.158112661788,0.19445230218244453,0.2421978895548946
2023-10-12 16:22:52,1180.5151899411962,4033.242834296432,0.24667716913052662,0.3170474470915211
2023-06-10 21:04:08,4488.144364018774,4472.834188822053,0.1476856211525052,0.14745951187911704
2023-11-17 04:08:56,3254.8559336513777,3097.703828367654,0.3242665607100824,0.3191706434412122
2023-07-26 23:56:12,4342.713514709787,1445.3334170437477,0.4453414152844283,0.31630907995327534
2023-11-10 20:52:43,2020.881183875024,2207.685679877234,0.13272483570338603,0.13520419530744077
2023-01-20 17:42:07,3764.751143805956,3821.2335548186566,0.41422616801203727,0.4165658172794245
2023-05-02 01:29:08,4397.949895493681,2099.1773838723693,0.4037930243163875,0.31097019384809277
2023-07-14 11:11:51,3895.7513078841516,1197.3471644324754,0.41388902829497154,0.3022050414069376
2023-03-19 04:57:16,1825.1629732418505,3600.4585304738453,0.45217229462526654,0.5324462412004298
2023-10-12 12:40:18,4689.873058792076,2988.1464981732324,0.38071307792516074,0.31592612225714095
2023-01-03 16:49:38,3997.0399612500278,827.7703749731558,0.1045077657756909,0.07138643741542648
2023-01-18 09:42:48,2373.191376427024,3148.9751978419235,0.17422051151728485,0.18773625693665863
2023-08-06 00:42:34,2266.0741663246345,3823.235533371205,0.47940762638932655,0.5540591298774221
2023-04-13 21:21:59,2531.635689510774,1540.087011721082,0.4776579534933142,0.4302958422711116
2023-03-13 06:19:03,2428.9936441920236,3124.5903848135713,0.4320019585393867,0.4620518739695989
2023-09-01 09:28:14,4187.159452674463,1913.9873349134803,0.4660998816168028,0.36014735611850174
2023-05-08 17:03:22,3386.1236231069543,1941.6738202695005,0.4228618064887656,0.3617815411877469
2023-08-10 07:57:53,1116.5393319356772,3426.1336270433803,0.3160370525365134,0.38902878989461187
2023-03-20 07:28:45,2254.236743637426,1127.5579864601957,0.28481287742242994,0.2527236155461925
2023-03-09 04:45:16,2087.263391162516,4039.9938328024127,0.14877797259506964,0.17783030020825552
2023-04-26 14:25:09,4950.106542412476,3916.0362341497434,0.12673450860387298,0.11362926936591967
2023-01-26 00:14:55,4676.273241109632,1863.5114671431038,0.3777710918654439,0.27151308321457207
2023-01-02 03:15:11,2164.239802106965,1681.170401696745,0.17294087948638995,0.1645866347903993
2023-12-08 11:40:03,3035.9892307958867,2327.840978650186,0.3815293702884729,0.3545114346172697
2023-12-05 04:29:31,4701.109297456258,2250.321392722928,0.38728907663776047,0.29237273817184417
2023-01-19 07:21:04,2235.228557592891,2939.672957889335,0.40470581825985974,0.43321509300391464
2023-05-10 12:06:13,1860.0887610107648,1001.7807924716274,0.32469748600930615,0.29682844204866493
2023-03-05 11:31:31,3455.338841485096,2848.5283537417704,0.27391770428893936,0.257296090714829
2023-10-17 05:45:30,1567.556974687518,3380.593095413243,0.42680381733764083,0.5041848910673176
2023-09-13 05:19:57,1598.2495870370203,3408.7363152353305,0.14783039814436358,0.17459489553082783
2023-08-25 04:06:37,2159.0429167456023,3570.284368026829,0.3352516623372471,0.3825637665873732
2023-07-04 18:12:36,1775.4764959339718,3351.9447428820577,0.3582865871049218,0.41476932989275267
2023-09-09 10:44:20,1908.508385324307,2065.5818297265287,0.2961780389604871,0.3008302094340691
2023-02-04 12:09:07,2406.7599182017943,2961.878850960412,0.2008783464862606,0.21202948381783748
2023-05-30 05:57:13,3300.6669667518013,1137.2921020754438,0.39708619526976396,0.31118156587410645
2023-04-06 00:41:25,4977.940414877206,3501.781936357331,0.49718523240608126,0.4237928127849701
2023-05-31 19:43:50,4912.234366508055,2824.0579494863728,0.22169552500494955,0.17540158829749192
2023-02-02 11:51:36,3079.447024793689,3461.5289225700317,0.3720186491322953,0.38623280827916123
2023-02-10 05:25:10,3785.531237521664,1973.2141072546433,0.44478898564750313,0.36417911584319695
2023-10-23 00:14:06,3493.1509222391883,2105.8505009772634,0.27660040788184626,0.23822762164427572
2023-12-06 06:01:18,3436.5730669975,4144.834370148752,0.13010240585060193,0.13931705580168796
2023-01-03 00:25:31,1522.0613306258365,3125.6925269739154,0.2978983861479876,0.3456703006848535
2023-09-18 14:50:00,1717.7781600741046,1008.1840803125084,0.3796936691346181,0.3527508311605298
2023-02-07 20:18:08,4443.361438499293,1844.751628331094,0.298165620104464,0.22068400955862955
2023-10-07 03:37:28,1838.6542224602063,2089.1236446880503,0.21350363144766768,0.21885124456889207
2023-07-03 05:08:40,3996.885074354917,2083.665386796007,0.3530115295619809,0.2854726687326543
2023-07-04 02:25:35,1601.3652040126956,1061.0980579056727,0.31312510991566334,0.296207988964805
2023-08-29 01:47:00,1186.1581390177394,2040.3679808814163,0.14618130117189085,0.1586682517876376
2023-02-06 07:44:21,1222.1076242392096,3467.2770943113374,0.35004100294298746,0.4286311402510898
2023-08-05 13:01:06,1147.9889069410926,1209.2791542618138,0.37851233908065063,0.38083225056827047
2023-02-15 14:52:53,2405.4950678125842,1293.1333574903003,0.1315192070696473,0.11688951405802495
2023-05-29 20:38:12,4186.442418055025,3952.4479949136135,0.22564728253982028,0.22036726196868706
2023-10-20 09:46:57,4907.168504895545,3611.3811252281535,0.21238665346932972,0.18486585895179483
2023-12-25 21:36:05,2230.5512650638757,1735.9437168485804,0.16220956951615745,0.15418656176861292
2023-07-03 16:37:48,2434.3923464146264,2127.3323151763125,0.4110146534341673,0.3983940362018773
2023-08-11 20:37:17,1565.7779547803057,4498.070324688221,0.1584861255751862,0.20495889125122485
2023-10-22 03:15:15,2699.5638019284606,2281.243568812726,0.43150930546897015,0.4134583981434313
2023-07-08 12:36:07,4804.906290668976,4237.743212321936,0.4546336607987398,0.42884851814086006
2023-01-04 05:28:20,3534.1739359169937,900.6029954907398,0.17761755322266934,0.1308407105549858
2023-12-24 23:43:30,1810.3814813333195,3683.051018029357,0.4640932246928209,0.5510025490997483
2023-11-02 12:51:16,1735.113595118368,3044.4540837620543,0.14009842584976095,0.15844207998579468
2023-08-26 12:26:39,4961.278542142343,1055.248160569633,0.17352990387269523,0.10574859620888129
2023-09-18 04:09:39,1395.1936931609846,1455.0540228984082,0.10957811648530145,0.11023405470378306
2023-07-01 05:25:56,1913.5393621456683,2369.704693929921,0.16998845905676185,0.17774274323927403
2023-09-20 10:22:40,2358.940782366588,1855.7765481414237,0.3388093087279005,0.3217616360904574
2023-12-02 15:40:46,2180.227367821582,4079.962541940254,0.38704083903776765,0.46056834861181273
2023-10-17 22:47:04,4227.965154669174,3297.779468656705,0.1259618666169193,0.11424507408587228
2023-09-25 21:38:46,3082.94429888799,925.9475185163117,0.3793790033961498,0.2975470745095387
2023-06-03 16:00:20,1785.3709578030557,3943.03162602739,0.18674443472203903,0.22703754690299208
2023-11-23 07:39:58,4347.070079392664,2953.504012413138,0.4536892317645632,0.39046463993045266
2023-11-14 08:19:29,3343.638940439206,2425.6559082726835,0.47430354738292824,0.4307632865235364
2023-05-18 05:02:41,4823.236577273165,4279.300572494827,0.3111907388284815,0.2942639541082432
2023-12-22 08:42:28,2227.879746326283,3128.3009804100466,0.3316433522946096,0.3615052239494885
2023-02-26 13:38:33,1359.5950553327807,853.5820636150665,0.33952038154696434,0.3223402091453924
2023-03-12 09:56:45,1575.2736400511287,2228.3404077217438,0.18948411495315326,0.20185869280089158
2023-04-09 09:09:27,3291.065785522515,3777.1605949844616,0.2527996028125937,0.2650880602887181
2023-10-27 11:59:04,3897.711399936875,3633.9032027200456,0.4993237310536337,0.4861511617219497
2023-09-18 06:40:05,4166.250231717746,2954.422277311188,0.2522372842974768,0.22167046507194915
2023-10-20 22:55:53,2429.651555513299,1327.143196593417,0.2313196869088721,0.20581649806889596
2023-04-25 19:02:53,1600.9237278571486,1805.9301789828705,0.1975652122103307,0.20161542651244468
2023-09-30 10:33:42,2153.4618711943776,1627.885102616755,0.3933222912107176,0.37265018532831007
2023-03-05 19:17:27,1327.201438074717,3908.8300913050407,0.2921987420868345,0.3676336065877574
2023-11-07 01:29:58,1079.212471070779,2788.3583290583056,0.34428452953028743,0.40312777729187493
2023-07-29 18:25:53,1492.9020046441037,4341.561501054841,0.3272681424032954,0.4204956925762803
2023-06-30 03:27:01,2634.4008875062964,1705.9317676183023,0.41637441874235537,0.3777153397309964
2023-06-02 06:24:50,3522.560666094722,1198.5486833071823,0.4593669652577639,0.3526095320821848
2023-08-18 20:09:55,4375.888838078709,2598.343551306176,0.2269035326871381,0.1865704021791321
2023-01-16 03:01:00,1164.8110685367187,2174.747007545559,0.11672622493033341,0.12851482588853075
2023-10-25 03:21:00,4345.710445805221,1851.0573794022507,0.3322216161386782,0.2493438487961078
2023-09-21 11:16:13,4502.096434264935,2699.254444462761,0.3724065304795696,0.3052675174370585
2023-12-27 15:41:43,2966.2201313228215,2983.656414465055,0.3585126437245456,0.3591377565211508
2023-12-05 00:05:59,4001.201476184548,2178.780327164204,0.1345808486088149,0.11005455013303396
2023-12-27 14:58:53,2486.6115222744747,2347.3395509462434,0.22485315492556646,0.2217215807109809
2023-07-06 17:51:59,4325.017919507727,3476.759579573775,0.4576212452587598,0.4188031414765895
2023-12-08 01:25:51,1792.8571021704497,3667.88856977045,0.3796270754045715,0.45080834663822456
2023-02-21 09:38:06,1649.0485488975155,2521.6794451207816,0.43288174836595505,0.4706563471694828
2023-10-20 03:47:40,1251.450509470299,3147.047973528485,0.3097432402882324,0.3684580903681863
2023-03-26 00:16:32,4644.544343173113,3678.4212875172975,0.43340744112745255,0.39153494899085034
2023-11-08 21:35:20,2850.1013235499995,3328.791309011429,0.2807369690256698,0.29417556658780813
2023-01-02 07:30:45,2479.833665709015,3024.2086057122388,0.308905999803194,0.325722068314144
2023-08-27 23:19:53,3011.4081798304887,4189.886083750579,0.1563488081248525,0.17477416969279055
2023-10-13 11:30:47,4823.730854908659,3024.8972006871804,0.1184356691442463,0.09713106239255524
2023-04-25 20:42:13,2246.9643233184297,3879.169616117626,0.1531097940943226,0.17810045572433744
2023-09-05 18:17:00,3835.961177569037,1196.91191432705,0.2774202083591304,0.20420764871127023
2023-11-24 02:45:23,3854.545885267715,2734.6314043651146,0.14925241446840523,0.13253742044112085
2023-07-18 05:42:14,1721.5479186770626,3764.533873397885,0.3659483985493909,0.4407111423882892
2023-07-15 01:59:40,2256.161829037619,4007.7343048078437,0.25194318796223414,0.2960728633114795
2023-01-19 12:19:32,4697.993864965103,3334.306111198395,0.28215355438635603,0.24367661970651378
2023-08-10 13:35:05,1588.2043077107041,4400.4326013220625,0.49012464554839485,0.6279588851091383
2023-11-06 10:53:07,3684.979120999657,2178.057536021138,0.47543052448674505,0.4037868725360716
2023-10-16 21:38:52,3343.954495177049,4179.625241384027,0.47451556608129064,0.5141694438006885
2023-03-24 08:53:49,1783.7905537841548,3069.452530884667,0.4106727179683477,0.46347134782079036
2023-04-07 09:02:19,1102.046395243891,1947.7038994116253,0.36824594924137144,0.3993869442769051
2023-05-15 11:41:16,1690.8148773433131,1815.9912868272872,0.37581874342087285,0.3805231075126932
2023-02-14 22:16:57,1092.1789501518258,1941.3210178808883,0.44797646772655997,0.48601603413648925
2023-09-21 12:07:07,2033.9855632714273,2112.572232119165,0.15917483151710915,0.1604257334944421
2023-02-14 00:58:39,3101.237802584864,3997.1292111341418,0.4878201070278153,0.5315234913081962
2023-06-03 04:21:25,1369.7348361755637,1158.274365796888,0.4379332567618931,0.42867269951495957
2023-12-11 12:05:48,4940.367783048334,3731.1744399758063,0.30194229056141875,0.2654316297875249
2023-12-20 03:22:10,1030.8940262172523,4131.273905672102,0.3983916235181838,0.5219081608880967
2023-01-20 20:08:05,2598.3043808372076,4142.017809833549,0.41851725644469184,0.48312432734872945
2023-05-04 10:03:18,2227.9302350140183,2620.0888269264015,0.3058364660386399,0.3178301058263572
2023-08-31 22:54:34,1552.6054226379813,2469.7105426278495,0.10780648217921543,0.11769346985668092
2023-09-25 18:21:36,3602.2633964642396,4471.844628558385,0.15361151015313387,0.1669692787794143
2023-11-25 13:23:52,1871.9301176704612,2460.639667765858,0.14311002176835258,0.1515350454212915
2023-01-15 17:01:50,3618.4536623955873,3575.0221924073,0.16718554643861067,0.16645943503434826
2023-07-09 14:57:03,1499.034790966236,3153.9887520361476,0.14277360991668386,0.1664019850434705
2023-06-21 19:18:44,4182.675573601426,1002.4517360512234,0.10707895721395798,0.07302545199077325
2023-09-30 19:15:43,1292.743201001587,2501.7929538048043,0.22827300263369876,0.2558723443742909
2023-01-22 11:21:53,2036.859188020774,2475.537439595893,0.40154922059772824,0.4191643115990446
2023-03-29 16:06:26,3680.8181194748045,4248.790998196573,0.22521072587541877,0.23800208430486686
2023-10-18 08:34:16,3329.953677848551,3061.3402487247295,0.31669194886617524,0.3081851778300903
2023-11-13 14:13:07,4854.86119935249,2865.2986820546703,0.20474424711136205,0.1640090991428492
2023-10-09 20:16:14,2004.501575598793,2490.679894537745,0.306718351335029,0.32163033257900814
2023-01-03 22:12:05,1397.6575623535505,3806.9712595476262,0.39222600624037696,0.48672555516344385
2023-03-16 08:20:12,3036.078138160111,3323.2385263678134,0.3433612538334816,0.35322122892811225
2023-09-13 02:49:55,4491.028708647159,3385.139042346043,0.12105478270965696,0.10766745938416329
2023-06-23 01:42:31,3046.218016224214,2007.4001304166354,0.32338130157316247,0.28978787357216895
2023-02-06 11:37:16,2204.838238617722,4109.131664783414,0.2818953414497908,0.3355764860087478
2023-06-19 00:13:16,2966.5825392111265,3880.8228326733174,0.14772201601258825,0.16122735793960577
2023-12-06 12:03:13,1930.5994403705176,1785.30996832224,0.20771525376990643,0.20469736981424605
2023-06-16 09:02:00,1367.1739036193862,4316.614646467698,0.4171029721010473,0.5401250220888425
2023-07-15 11:12:08,3985.3813553592645,1763.2588471137728,0.12550647701466416,0.09761740026417609
2023-06-13 22:28:09,3963.1633685806987,3321.615210374377,0.17843037540937742,0.16698320753818255
2023-05-31 18:41:56,2468.794244270013,1239.864518231734,0.2791147758920324,0.24481353138500928
2023-08-15 19:49:05,1921.5888240865015,3647.182775647193,0.2302488229174501,0.26998042053548216
2023-01-15 09:31:32,2115.097156386606,1682.8538318299843,0.3322459344933458,0.31788482576376326
2023-02-08 20:51:24,1059.1984715257156,2420.259833939905,0.212358135004081,0.24126138025892005
2023-05-06 08:45:01,1232.3514298825692,3434.280030864781,0.48127757264590143,0.5872514578679319
2023-05-14 15:21:20,3872.691473693231,3206.488352726125,0.18261836788306268,0.17045227522010115
2023-10-24 15:51:40,4178.243088324505,2821.138380515407,0.18565206018788472,0.16045713169834108
2023-01-06 22:58:40,1574.6049347359196,2938.5700555405374,0.4654217256074892,0.5289036256268205
2023-07-31 18:12:36,2133.5736030156077,3524.150689911953,0.4712816286280206,0.5368169720525524
2023-01-08 09:12:43,4573.511650413473,2924.081945135219,0.14430317882078533,0.12050138384947702
2023-03-19 07:22:11,1043.533067028863,1259.635384094526,0.4590014833164886,0.4689206117246155
2023-05-10 00:08:00,3776.3697474609808,1040.1273226624473,0.2029586324784731,0.1474242304118039
2023-10-22 05:04:27,1445.3066082723844,1986.283385830034,0.17579181973736838,0.18530174895362003
2023-11-04 03:42:35,4779.9699655392815,2371.808690467397,0.40432616212356387,0.30695790151112357
2023-04-17 01:20:40,1547.029339293901,946.0378408912454,0.22952335502835353,0.21572919652266404
2023-07-12 14:23:34,3935.5151650812727,1429.4357460364167,0.18777044142808139,0.14071367755129316
2023-08-20 09:02:33,2932.404573255808,1800.5240734509327,0.3733313870045055,0.33107473531295484
2023-11-19 13:27:29,2632.650817598377,811.193165465578,0.35385778661277334,0.2894040892935122
2023-05-17 14:04:31,3284.3181206445634,2402.615902862186,0.4874082055436587,0.44443331596434144
2023-08-06 13:03:35,2441.2712433006077,1490.7674072673376,0.4773177227001182,0.4319484900568055
2023-07-16 14:38:55,1543.7050603868024,2102.8132337143143,0.1691864315504854,0.1786457832200846
2023-01-25 13:46:20,4596.268708511598,2446.661341847692,0.461164300491566,0.3620320827336582
2023-09-10 21:27:49,2509.009758394608,2528.7801117071713,0.3898257198570325,0.3905964190782223
2023-11-03 20:07:33,3151.7323730469716,3585.840032551133,0.16944347863053916,0.17679914982319384
2023-06-04 19:31:38,3525.900745540571,3568.574321744892,0.11778431085855608,0.11828693863506569
2023-06-11 03:13:33,3024.4399907823827,3812.1354102497667,0.4791097687313438,0.5168490257565196
2023-03-26 13:26:55,1785.100868363404,2920.078459001608,0.1555668223062718,0.1732233080227132
2023-12-27 23:10:05,4383.666499237049,1228.0158505272216,0.3048278656524974,0.20863484045338387
2023-03-21 14:40:50,4269.622059395719,4483.953791899106,0.39731145263438006,0.4058270978330365
2023-08-23 17:59:31,3871.948738630101,913.4644672586531,0.20673205355910432,0.14557070067481134
2023-12-19 10:26:35,2868.845762124084,3036.578179291927,0.38156242872343726,0.38796246757045877
2023-06-21 21:55:41,4903.124892320145,3334.8418585530103,0.4805371582967598,0.40517533105161174
2023-07-11 00:47:14,3848.1896834870226,4470.114241804025,0.16828026583706374,0.17874602883748208
2023-01-30 10:47:01,2230.0594729767945,863.2089787417509,0.4204421556507978,0.3629739988259438
2023-07-13 13:52:46,4639.779162759522,1557.4370132556742,0.4230633173414783,0.2926607278464222
2023-09-28 16:49:13,1773.6506586811074,2747.419690198148,0.2492549244103268,0.2735265970447165
2023-12-25 17:40:39,3675.484144429732,818.5399813495333,0.2742270557240509,0.19588191710310135
2023-12-21 22:46:37,2798.956116680562,945.7726638571319,0.2232292334589995,0.18186076129573187
2023-06-17 05:11:06,2717.2721904037307,3544.086404437208,0.4350696198245677,0.47104179440107713
2023-11-09 10:51:06,2121.685826122021,4239.90510894567,0.10017553102088424,0.12139490516843779
2023-03-02 11:50:28,1356.4539401166628,2173.5013219952643,0.46331891678971115,0.5011742675834975
2023-10-02 13:59:52,1407.4290238915491,4037.6885116788694,0.35144471537172817,0.4438837950756484
2023-09-10 00:31:56,4224.370303002081,2357.501179109576,0.2631109094186773,0.21399154612337667
2023-06-19 03:04:40,3440.3784167028844,2748.0818126292033,0.3244408523968494,0.3019799223631385
2023-02-20 11:49:23,3998.4702614232065,3038.622535933929,0.2349947534808342,0.21243883551778497
2023-12-23 14:06:04,2673.155526468631,4407.288641705887,0.20585445054785484,0.24155235250925533
2023-07-22 07:40:37,3428.5487996615952,2173.1357080709263,0.18682761918968904,0.16337303528954386
2023-04-03 15:58:07,3894.0740715964594,3974.883052583598,0.257955458122684,0.2600399698937805
2023-05-09 04:30:36,2315.9023710608235,2959.192300965223,0.2394254591736218,0.25482745785853456
2023-11-22 16:44:34,3496.616928654016,2046.965101220819,0.3506629995081524,0.29982907370313244
2023-12-01 17:07:02,3989.5124669552224,1084.8087002186323,0.4076938028122815,0.2892708303418816
2023-04-13 06:00:46,3533.607609048303,3719.2882225091985,0.2836871294259421,0.288954649448219
2023-02-14 08:44:31,1568.2527391112226,3275.401780197703,0.3705609446003234,0.4338212207241776
2023-08-28 22:06:54,1277.2691152136856,4247.749872655298,0.33912036677204327,0.4398554191673329
2023-09-08 06:54:20,1699.8131292835378,3828.2922621772987,0.10616413243315614,0.1287609464877304
2023-08-25 06:32:43,4292.344287637443,924.8125882024426,0.3005945538954494,0.19936838500340456
2023-05-29 10:27:01,3876.405501426332,2610.9121624912777,0.10941860110349176,0.0955717500182857
2023-06-15 09:46:15,1643.646955019705,3972.3917814712577,0.3190972599623556,0.39340686928957574
2023-03-03 14:08:24,1277.9323138555965,3478.405484523119,0.3314246009320341,0.4043536951770472
2023-12-22 20:15:39,2809.598571679534,3027.166909183139,0.4579325094405393,0.4678956709173225
2023-09-30 08:21:54,1396.6964942432246,2981.183367435364,0.34146684549110123,0.39557181892219906
2023-12-14 17:48:00,3479.0383414892203,3822.8633310799555,0.28628970192378655,0.2961330573021746
2023-12-28 23:31:29,2612.5087785949736,3074.4327360696084,0.4266245401930445,0.4463313497892213
2023-08-11 21:48:46,2478.851232140246,1304.5728963731888,0.24324446348198847,0.21468079310577046
2023-03-13 00:11:37,4797.08744309953,1651.6072137375002,0.2871277801170605,0.19681230455117832
2023-01-13 22:21:49,4938.239794354236,1426.7727721442843,0.2003340409266834,0.12998740311267262
2023-11-23 09:34:13,3405.4042812678913,3913.334722780197,0.24618934478630405,0.25869405104559734
2023-07-08 00:10:35,2454.005134746187,3010.521057668296,0.31606353105541074,0.333652969824143
2023-06-07 08:51:16,2406.8847493533403,1402.0519021218465,0.47366321252209664,0.4260679770753572
2023-04-23 22:56:25,3561.958148400022,4073.4406935632373,0.260679629109063,0.27401293712595365
2023-11-03 23:23:36,1971.4036962585365,3182.9991070419646,0.30734555019919796,0.34458339601380356
2023-09-18 17:33:43,4475.224250678431,3713.047155783158,0.17387758331638747,0.16062503218443797
2023-05-16 19:02:44,3675.272320587255,2698.1336905014714,0.462368149840957,0.4171883717878679
2023-07-09 21:19:20,3569.343058761196,1932.9627019413563,0.4493175644461206,0.37579212080274416
2023-06-13 22:50:58,4483.327207983338,1704.9788714417923,0.22659590499142795,0.16363966942142197
2023-11-10 05:54:01,4121.531055104588,2974.5289860577245,0.3562400441477699,0.3153792373762861
2023-06-02 18:13:03,4584.940914084624,2960.1667897014872,0.3439663173947418,0.28807956017850844
2023-04-04 10:33:55,2825.190419378918,1594.1115081112325,0.2916120528536208,0.25571230799966377
2023-04-07 11:50:32,1125.6897898130194,3032.535704932392,0.2596569524087998,0.30916953231210637
2023-04-30 06:52:16,1634.0668867937347,1693.8097954041582,0.39636235995325975,0.3987303439779897
2023-10-15 11:47:55,2573.9958903058287,1677.2079719973121,0.23101379508139686,0.21029675704223724
2023-06-03 09:04:12,4268.56725680415,3719.2185629116243,0.13501618951023603,0.12759909277405662
2023-02-12 21:40:58,1754.5023393821348,4270.389765769733,0.2995082270518762,0.3748611253058219
2023-06-12 19:11:19,1281.7709752112437,1144.4522041643918,0.14295785324778576,0.14099477357583756
2023-01-16 05:40:17,3758.189941029062,4260.792963524405,0.1432099132756513,0.15040768680201513
2023-01-10 02:12:04,2690.8263329587407,3213.9761165731165,0.4110768614792125,0.4325823385923852
2023-10-22 16:37:38,2273.620992813504,3345.390543379867,0.12827677887857086,0.14202509344324954
2023-04-05 03:12:11,1218.1970884556126,1800.1990952172282,0.18342292217975162,0.1940981730592211
2023-11-05 23:06:34,3810.0412661849773,1270.5501707386563,0.17659332133687805,0.13174760463184879
2023-11-04 02:58:08,2231.145137438384,3977.1253380916846,0.37856708601739564,0.44466414969793444
2023-06-02 16:50:54,1386.1098521684667,920.4802149308331,0.30924402760659164,0.29484470916735545
2023-08-10 11:09:29,4227.732643310225,1723.0074909191735,0.2694697608807209,0.2019749920920465
2023-07-04 08:49:23,2715.154646215623,2691.395487446259,0.36490961784214726,0.3640426232874693
2023-09-12 20:31:56,1555.1007524208703,1077.5963460800117,0.18948626304799077,0.1804382104933429
2023-05-29 21:58:16,4152.897455571843,4175.953491460212,0.3958816374192652,0.3967943835432537
2023-09-21 08:21:16,4570.988802374046,2120.7594676963936,0.14882019783659697,0.11235583640342081
2023-08-13 13:17:12,1124.563083488475,3278.140500217579,0.37029486529416733,0.4500407312369938
2023-02-17 04:39:48,2192.0812680817035,2892.276659558827,0.16308511685052318,0.17450426157424762
2023-02-19 20:32:16,2253.607367475867,3636.7413988939315,0.3776975703825305,0.4299382067005303
2023-02-01 06:26:20,2367.13329971664,849.2554609129577,0.32038372618365074,0.27175339039489965
2023-03-20 12:56:24,1408.0676712006732,1451.0828082402872,0.22247568773960302,0.22343266995921318
2023-02-06 21:05:38,3857.6622382169926,4109.830354169639,0.26571446052097203,0.2724149320100668
2023-05-23 16:13:47,4087.0483993951775,4036.2115036329956,0.11682602347544027,0.11623211623766716
2023-01-07 10:42:20,3040.6466768139053,1935.81035896649,0.2817904389162902,0.2506572078226021
2023-04-18 13:46:19,3022.4898553004214,3867.790960851135,0.11349282798510059,0.12308638928188884
2023-07-01 18:35:14,3140.6583137975244,806.5922458583638,0.45710396798754194,0.35041288186753494
2023-10-12 17:46:39,1825.6816608031218,2594.0940937627083,0.19982024516589575,0.21517468124014644
2023-03-15 18:16:45,3703.19691597113,2360.9419697479007,0.3598726697077179,0.31156858261514364
2023-05-18 11:17:01,4126.606344338135,3058.8783857063095,0.2125477821877651,0.18985346122905866
2023-02-04 10:24:34,2404.968439184654,2963.8926709922084,0.25281213280553927,0.2669424155175358
2023-08-18 06:14:15,2238.0973419630636,3471.290911869799,0.3249100055337494,0.3649776984960075
2023-04-02 18:48:49,3222.749913256524,1880.5264420111957,0.26055289964361916,0.22558087790334974
2023-12-03 01:25:42,2136.965560298855,3815.0502283693513,0.2817032706882009,0.3289754646369192
2023-11-14 13:38:11,2392.3438156152374,1966.2969867414092,0.43268975704353796,0.4142551471560793
2023-02-27 12:46:00,4238.803313843081,2528.443148932658,0.2670402661254519,0.22136676276464679
2023-11-13 02:17:12,4876.892934009351,1247.6791532963114,0.32428417033866014,0.20659451235264417
2023-02-14 14:53:27,3455.279685521634,2082.136866903328,0.37426436097788285,0.32287251902372793
2023-09-05 03:27:07,4306.095419027126,3608.3171877732066,0.459591677939434,0.42752237112627406
2023-09-22 01:34:36,2499.3477656301766,1055.0452004976767,0.3000801069316563,0.2567394601129937
2023-04-05 17:41:58,3305.073225966951,3252.5734522768284,0.21813611863074273,0.21699090894456716
2023-07-05 21:14:08,2303.0309266407808,3791.3298534336072,0.2111985860938174,0.24263124899617647
2023-01-31 09:41:25,3051.2231022014685,2046.2917052101932,0.2544288757003702,0.22886051915112093
2023-10-26 01:18:43,2599.45056183217,1279.8835357194394,0.29881715800422276,0.25938623115031373
2023-06-10 19:51:03,2052.6067759734933,4210.323269794269,0.24482731153419232,0.29765410435770473
2023-11-30 02:43:17,2193.2210815200597,3054.9550628891657,0.4924004635076952,0.5348322846923431
2023-05-09 21:36:05,1984.3167725088513,2579.9915263311805,0.17298566947480234,0.1832899890827217
2023-09-27 06:33:34,4355.535660254269,4138.720284277112,0.20488602185503005,0.20044377786893383
2023-09-06 22:08:28,2650.480885570248,3265.3145698197427,0.2616383890223237,0.27772479848869347
2023-10-15 14:17:03,2230.0959614203066,1676.5322145417263,0.4640063736158343,0.43832066294040195
2023-01-13 23:02:27,2240.8486272014247,2779.650317403146,0.4697688945466897,0.49508012198528467
2023-06-27 14:19:38,4094.758677505578,1650.078136492993,0.3227916526341227,0.24387940543452935
2023-03-12 22:37:06,3231.829935025084,2250.5230220014655,0.2335058369312109,0.2105917477300146
2023-11-27 20:13:57,4899.603837216266,2600.0761985824556,0.17166746634055766,0.13219205799012249
2023-04-04 16:44:02,4405.865285510568,3966.425688316663,0.3276346116068219,0.31323704943169356
2023-12-06 00:36:35,3076.7997180235952,3711.319644845936,0.20372620103040173,0.21665303444736214
2023-04-05 17:52:06,2122.2941278391436,1259.4441891028632,0.32050540128054217,0.29285059469458585
2023-11-05 02:07:46,1835.4668364807205,3787.058713088173,0.4390964997585223,0.5247902159560721
2023-01-19 10:51:23,4402.65034583206,4436.535687592783,0.3991940489038005,0.4005467315813957
2023-07-27 06:08:19,2630.776836561804,2048.239083593796,0.3282829401492127,0.30915921951998737
2023-02-02 15:25:23,2881.8551111439474,1610.1353743142295,0.22993950973409555,0.20069764845351573
2023-08-23 10:16:56,2963.7282310168566,4485.914016687069,0.49316975363080884,0.5682393525207386
2023-10-19 05:31:43,2328.0728790591074,4082.3708245809944,0.3900226516079185,0.4584442452501955
2023-01-02 17:47:06,4901.346943007522,2805.6183632274942,0.13649680186294166,0.10789077699166781
2023-08-23 22:49:28,4954.566452866562,2154.027014288855,0.3186333599219445,0.22939883083115142
2023-08-11 16:15:56,3131.0981230043762,3170.6525613949093,0.21731019382212868,0.2181697520894459
2023-08-24 02:38:59,3329.636158621364,2376.0503584130342,0.20853033312754987,0.18864517666923544
2023-09-07 08:12:46,4120.846513982982,837.5063437188637,0.17589157129979438,0.11814038513384535
2023-11-18 15:44:14,3462.387918535575,1794.4829858144358,0.40530534626713166,0.33770426763741185
2023-03-23 16:24:49,1521.7089350906544,2038.2634877192713,0.49823786542575843,0.5239745691935224
2023-10-03 13:43:28,4082.9690435092266,3125.544511547556,0.10594028512092196,0.0957973023311435
2023-08-03 23:28:34,4832.8298189632815,2554.100055977331,0.20020604223199207,0.1545844955156258
2023-07-20 03:57:31,1965.1181100141098,2223.0228093510077,0.35867827188611623,0.3679287530730629
2023-09-17 23:50:10,2524.2038610327427,2832.3821058507174,0.22973974025141472,0.23681981924297654
2023-07-17 20:23:46,4390.379930089837,985.3497356338528,0.3013279296793808,0.1987248597802607
2023-12-03 10:57:14,1620.2559796497612,2375.533749524867,0.2654425470871923,0.28549083258659047
2023-02-17 14:33:39,1374.4006722422907,2429.7888124278334,0.2996059692320884,0.33122602789772243
2023-07-16 19:23:54,1300.2967608068511,4022.5919383390665,0.47320313349503973,0.6020229943257077
2023-09-18 14:24:47,3251.794654666694,1588.3802114400046,0.19206339070805845,0.16011528889617094
2023-06-29 03:40:35,2783.2202049885336,1511.5202384703757,0.4160459130080697,0.3631373556438318
2023-09-07 11:26:18,1390.2515870292889,4221.079963341549,0.10845689406394704,0.13915917939623842
2023-12-07 04:25:35,2817.187686948373,1620.6612388341541,0.1954088290176475,0.17202764580618304
2023-12-20 00:44:31,3640.512911841807,2425.7000468584747,0.21587948740581453,0.18965416954715544
2023-12-16 03:06:31,1798.4144089629388,941.445599325803,0.3997472941450102,0.36549019786309866
2023-12-18 04:44:20,4751.942567903368,1733.5791261434833,0.45400869597193483,0.31697237095565817
2023-11-22 09:22:11,3695.413786834837,3066.6602461711436,0.2566642105535953,0.2405263574388728
2023-07-01 13:42:42,3321.4878294187292,1704.8443949320438,0.3753652922455796,0.3146821087212804
2023-06-30 20:24:05,1342.1115108187375,3551.9907341043977,0.24454641527628623,0.29858821950109143
2023-11-25 08:23:45,2657.7339993619817,3439.115095879033,0.3991366688439363,0.4303244536400801
2023-03-13 18:34:46,3626.4627472369966,1525.8246693575886,0.4752931641420325,0.3754512722667783
2023-04-05 10:33:34,2124.1475199183487,2299.4578923514446,0.47404171733205847,0.48235216033348915
2023-09-16 05:20:35,2939.181979480344,3304.2651155174367,0.20370435172422272,0.21114125407941092
2023-05-22 05:09:00,2765.750897219131,3327.515461379759,0.18793702357295128,0.19849465958666174
2023-09-21 19:23:51,1233.9879169566,829.1150039294015,0.221619499544746,0.21264672630831485
2023-12-15 11:28:39,3608.0018203535537,3361.042229775676,0.21790854696589004,0.2125270864116784
2023-05-17 02:19:46,4455.347102678003,2583.4009280657274,0.3348451188707049,0.272163914934944
2023-09-29 14:14:44,3046.562153681245,986.7369712272795,0.4915869244252994,0.39032861179566675
2023-05-24 04:41:39,1362.585312496423,3445.3513124346846,0.47267195332307366,0.5711184606736439
2023-04-17 21:51:45,4092.095334379837,857.4832572923128,0.12213120276246162,0.08262649641799326
2023-07-12 13:04:14,3334.8420958267156,3250.2508495241877,0.3255286074522452,0.322774920391094
2023-10-27 21:46:41,3753.8738521202563,4102.774098492121,0.3329388401794485,0.34455508451598577
2023-01-17 16:57:01,2587.8152504492446,1846.3147523023008,0.19649290522691776,0.18192294651610777
2023-04-17 19:13:42,1842.5955382752313,3192.913574581865,0.11795466802456223,0.133882299594575
2023-12-02 10:46:49,3141.97879498286,3433.102889956956,0.22260373770625824,0.22908426887401678
2023-12-29 22:51:54,1200.633367642172,4450.787638336818,0.22976699958770097,0.30444481908516713
2023-08-04 08:56:09,4457.419455368262,3650.4047412474124,0.1900047472167331,0.1746710845410615
2023-12-13 06:29:18,4101.388632293025,3421.796524091921,0.18349593521823082,0.17102569627210176
2023-12-06 00:13:30,4015.5932599746484,2152.3803082339955,0.11991387913074024,0.09757136986175441
2023-10-29 12:31:31,2602.725987330167,1622.266122756899,0.15649811466226526,0.14115410263149164
2023-01-29 11:57:38,2114.128492830455,1138.023978453572,0.20201322828750656,0.18229462587797826
2023-03-11 23:02:25,1618.5131971798703,2941.7898337672445,0.12479246572100067,0.14130596115207375
2023-08-17 07:44:13,2615.424110446685,2347.756215202186,0.22821121092941415,0.2221027294793467
2023-05-02 10:58:09,4835.283006120689,2659.219172847732,0.39974029403813816,0.3127542543823092
2023-09-12 08:11:16,2724.7147065167524,4162.883785368169,0.22634347372547747,0.2588954922366575
2023-02-19 18:09:47,2260.2175838267895,4499.49741205015,0.1319841961919103,0.16153915100959224
2023-05-12 18:20:52,2574.900377147974,3933.9759930812083,0.11991302639172866,0.13621011341190434
2023-06-02 08:23:36,2552.830570557914,1092.647659167617,0.34215196183832847,0.29219151706082924
2023-06-03 22:35:47,3196.258135352694,3845.9484463904687,0.41523903136140095,0.4422167089054222
2023-05-19 17:04:01,4068.6230623410647,4158.704819997676,0.4627411891301808,0.46690964309587646
2023-01-09 14:06:46,2180.7267785460926,1100.2913162735153,0.3226612129062565,0.2877997512338763
2023-08-06 16:08:28,1071.236508190181,2906.204714917349,0.46548637530544845,0.5509016452404653
2023-04-17 08:46:37,3503.7414423085775,3027.0523261087747,0.16441914704842425,0.15658146525914038
2023-12-01 10:22:11,2297.4991560625094,3463.7520918753844,0.21733798654835756,0.24268509303592567
2023-01-02 07:50:08,1260.2729459288864,3822.274647760701,0.21709848910829416,0.2727191589643507
2023-10-11 11:12:39,4411.401447195232,3257.8264846361544,0.3355414320886889,0.29683421259281606
2023-10-29 22:33:15,4721.505321882584,4312.951366375717,0.10591129256622672,0.10158424481514902
2023-01-25 09:53:15,1369.3700107019763,1251.3463311527482,0.3354297976103398,0.33147093171589725
2023-11-07 23:25:32,4263.4225243385235,1733.9484846630403,0.34768504209004825,0.25973901329502275
2023-06-30 16:17:43,4700.870322933635,1780.3967820540456,0.2679553548761771,0.18969970247088952
2023-04-06 00:20:46,3058.673603668555,3608.5357901350635,0.4924012001403628,0.5194764801931541
2023-06-22 06:57:42,2841.2416103093256,2165.4124251700705,0.3235638997799318,0.3016965071070567
2023-12-17 12:12:35,1364.2100677623278,3114.2622115216054,0.17185208875611385,0.20192710038982853
2023-04-04 00:02:32,3081.0413277590865,1550.773373807489,0.41379832663667937,0.35047609477158875
2023-03-14 17:16:02,2288.359438220373,2292.7745168168253,0.4651596844407374,0.46536505609740814
2023-10-21 13:27:00,2766.3792013146212,3417.096390169859,0.36728242386043675,0.3911821224974769
2023-05-03 08:58:54,3144.704058215826,3380.9713348435344,0.19872122149159022,0.20341635367258518
2023-11-07 15:30:30,4953.352609828584,1843.9635342152114,0.15003338269685146,0.10338216658336043
2023-05-11 00:43:26,3608.628970204911,1233.7140686704101,0.30490513193222407,0.23249275779420586
2023-04-10 07:42:59,1050.2929104354682,3800.458845484068,0.3537240809661589,0.4510040727541092
2023-01-16 08:59:23,2861.1546129035514,4311.53811488838,0.3814878426649534,0.43681820998585663
2023-10-18 03:07:04,3127.940524077235,4287.035355226928,0.26290819221535916,0.29338174488173246
2023-10-21 17:54:06,3191.7810952412638,4359.351049709729,0.2097394132967011,0.23422795702000826
2023-12-16 22:38:40,1402.3383082141963,2278.8137796945375,0.4905915098556294,0.5335906523461259
2023-08-05 12:42:36,1360.47592135282,1499.7275601662543,0.10565984741108624,0.10713117810196335
2023-09-02 08:33:09,2197.1935651908307,3323.0373793688764,0.2848006980747875,0.31686480849489634
2023-08-27 19:04:55,2766.0270953197405,4241.384627972371,0.1233724472134401,0.14157429414525388
2023-04-07 06:00:12,3347.4273421418557,3670.8251329405743,0.493887287281228,0.5098594930422601
2023-07-16 15:46:13,3212.909919217222,2523.3512858710183,0.11177769166567973,0.1040699644353218
2023-05-22 01:22:32,4834.5906405308815,818.4097810724546,0.15753661497021026,0.09426706119948723
2023-06-27 19:46:47,2196.7173238956407,4143.799570863628,0.3087875778859168,0.36891105898450816
2023-05-30 15:24:15,4790.738654784902,1634.280113167359,0.39941780083677136,0.2733432279242392
2023-01-27 11:52:08,3535.9528785838834,2143.471439849088,0.33351669746972545,0.2870751163962533
2023-07-15 20:29:02,1481.934519819902,2604.3469980825057,0.20515072909281962,0.2281771029186648
2023-05-15 22:23:35,4477.5245401583925,1347.242261735505,0.4779275800457582,0.32832275662708094
2023-04-30 08:46:28,3852.77287780371,3860.734771429436,0.3316507846918575,0.331914841518718
2023-04-04 12:19:44,2652.655232775315,1723.3877073738008,0.2016085579251039,0.18287372935282098
2023-04-02 13:24:42,2374.1142624428026,2415.283543659425,0.43214592264325224,0.4339250363448439
2023-04-22 08:35:41,3513.6455715341226,4492.532153285084,0.39172393175021525,0.43006926180431676
2023-05-24 16:11:00,1123.6941148118715,2773.2259631299926,0.39470983879324884,0.4598184837866464
2023-02-14 22:27:44,4070.3466394440575,3213.8643459295135,0.2909190499325942,0.26600234842126014
2023-11-09 00:59:05,2042.5212574670707,3880.2485902511835,0.29941786779973023,0.35444270775768066
2023-05-02 16:23:57,2835.0326492624044,974.5704060404967,0.16050426992499106,0.1306430565178567
2023-04-10 15:59:07,1043.8886186675877,3072.8738897845087,0.3882782432042512,0.46705932685990914
2023-05-10 08:41:43,2461.603760447202,3605.0497699306493,0.16728255954657514,0.18641041706354597
2023-05-25 18:19:13,2965.9419760075903,4416.456108136494,0.37397065439875055,0.4282156263194387
2023-07-06 09:14:13,3066.3568784395165,4196.368505436055,0.34159640052056606,0.38019719095340665
2023-05-07 11:40:10,1234.118300530585,4237.930496629333,0.21959042509197194,0.2855512647957494
2023-09-13 23:24:06,2581.1299148186836,3847.051287631757,0.11712509052123275,0.1319522060595822
2023-08-07 19:37:16,4743.504118771769,1357.0741500336221,0.18550680358382443,0.12268622367771602
2023-05-27 23:56:35,1853.885722298207,3486.5902132467922,0.4668401436150841,0.5430613435186271
2023-10-03 04:25:28,2031.259233486455,3953.0148152633237,0.38513332652172305,0.45914653851886456
2023-05-16 11:37:26,2603.291257596413,990.5650115499238,0.45146525734488785,0.37865627037506455
2023-10-08 06:30:38,4460.541989684472,2617.4197178226514,0.4649936309994943,0.3792896192425878
2023-02-28 19:40:03,1759.8087116674055,3701.443039292588,0.2285805247435597,0.272962504090427
2023-05-04 08:27:02,1176.309977252473,2308.810636019205,0.3535566174480945,0.393596927665225
2023-05-01 13:46:29,2001.065661156405,2952.8596485423536,0.28213772804058507,0.30899142735696117
2023-07-14 17:31:39,1574.6289424324332,1175.0563706525518,0.38330418517527665,0.36798840127082894
2023-02-05 22:16:19,4531.731018225494,1618.1547414832878,0.18095922304951337,0.128235373116037
2023-04-09 20:02:34,1269.576723027888,1089.3332730805405,0.30171380519808655,0.29627561148352205
2023-01-02 00:53:15,1984.2309162114793,2952.0875122094467,0.4921028250516595,0.5397313215652076
2023-05-21 18:24:52,4858.481092672797,1878.9687478079547,0.17921406544958984,0.12581701341154297
2023-07-30 04:15:52,3931.4246317136917,2954.0785928128494,0.2893822713949149,0.26109960972732005
2023-06-08 23:29:34,1051.4324555373512,2170.205790211889,0.30983913582708733,0.34450311214728213
2023-12-18 21:06:11,3942.876085520153,4055.806165046413,0.2545339135226331,0.25740836703225717
2023-03-04 12:22:57,4357.164179683155,1688.7675100826111,0.4311108967702335,0.316073408653214
2023-10-24 02:28:02,3983.205573285133,2881.5848349539688,0.19508503101584695,0.17359405942534342
2023-08-23 09:07:42,1148.666681897172,3473.3733497782773,0.313328606873897,0.3861683170376616
2023-01-30 00:21:49,1294.4881706163792,1102.3051506866595,0.24956220019637462,0.24476603846697018
2023-02-14 17:02:15,1530.8521651330116,4338.116611018791,0.39616907495916875,0.507384210828402
2023-09-11 13:56:12,4997.830292892197,3650.1086915120986,0.21297194051208784,0.18426925204049002
2023-09-14 15:45:10,2229.664507553915,834.6959569125353,0.4864837545936723,0.41862080078806113
2023-11-10 06:54:39,3164.835166140334,2894.1839011001207,0.15418955210703442,0.15001639237365913
2023-05-25 23:28:13,3523.465650500748,1380.8431372641137,0.20946219647171677,0.16458235468848723
2023-07-30 16:17:26,2545.758842655663,4467.606769086145,0.23710129231477053,0.2826685550136835
2023-05-04 08:50:13,4141.410396225021,3505.9891844944036,0.4419228711835955,0.4138421545537001
2023-04-30 12:05:03,1390.6764283727005,1529.8057882370322,0.1555949723029121,0.15775975519237337
2023-09-30 02:47:10,2671.182795162872,3873.329458093989,0.1722734981358403,0.19298329922538734
2023-09-02 05:11:20,4360.446378683448,2994.6107546485982,0.1121461568800418,0.09682883526350561
2023-10-23 23:57:42,4747.9596289075525,3116.2636495906945,0.1629704415335898,0.13637862011380464
2023-04-19 02:25:27,3078.4094139403833,998.622401350093,0.12252373698357029,0.09704140929232448
2023-05-17 12:49:10,2595.502981482209,3118.536892948678,0.35885903142398234,0.37762857571105773
2023-09-09 01:33:32,2661.8633494002383,3838.182849191783,0.18287043733636665,0.20438184347378424
2023-12-07 12:42:44,1951.5395263463536,3160.936458823945,0.44637097075744936,0.5003549390355597
2023-03-17 04:42:28,2990.5679857552823,3701.179109734972,0.35541240800262763,0.38066840907533517
2023-01-02 18:05:54,1159.010293972445,3008.933061463837,0.398356897023581,0.47204984636269565
2023-07-03 15:43:08,1745.4300900925127,2916.5737156455993,0.4139028338169851,0.4623768003592972
2023-11-22 09:39:29,2316.0677421068267,3130.2455123071863,0.14101286148649694,0.15249381519996177
2023-03-23 16:06:19,2009.25927856109,3551.934955181566,0.11123459667479181,0.12839448734368084
2023-12-23 16:19:53,1324.4474085023544,1705.6990237831697,0.387698658241419,0.4024797322110936
2023-10-22 13:30:23,2213.5986274204342,2090.2794803718107,0.22867231960094989,0.22585235206026794
2023-07-15 07:44:42,1903.6224276386938,1059.7865250028296,0.2906948844849412,0.26616500646084335
2023-01-13 08:18:39,3561.4356339471283,4297.552605776482,0.44998762048069785,0.48311197293559266
2023-07-21 00:42:26,3165.5357428438774,1948.9988698156078,0.30732449028812786,0.26993733284611526
2023-04-27 04:03:47,2568.133005854337,2529.731526935674,0.17212168739580674,0.17146071466080928
2023-09-11 00:24:53,2639.362677747066,3536.131106438346,0.11500152313128038,0.1253144966508346
2023-02-03 02:08:42,1812.2986331897746,1383.0092165339233,0.41317522486700897,0.39543804974102814
2023-11-21 09:34:05,2461.5862818634714,3019.8222227648894,0.3956067176235616,0.4176909064475126
2023-02-16 05:27:12,3589.416708313471,1637.6642255175645,0.48464943512324055,0.3900578612944987
2023-07-24 23:00:02,3307.0456872077693,1462.1444942430207,0.2127570133589951,0.17350544658323241
2023-04-30 23:41:39,2665.204139228237,1994.1727425271963,0.20048022003611154,0.18702736782993515
2023-10-20 20:31:43,4878.941998922304,3449.442205007168,0.30124230274364133,0.2581797217745857
2023-03-06 19:47:11,1296.945343925386,3686.1255102751797,0.2572356092090795,0.31869383076920343
2023-10-18 21:56:36,3533.167572473055,1150.1571147666943,0.33179067159054754,0.2527246075735784
2023-08-24 15:39:39,3754.9403314436927,4160.235068866428,0.4769085870955634,0.4962374411537179
2023-03-17 21:15:46,3306.311238796513,2201.13800590328,0.12144052862099426,0.10801924645896152
2023-08-07 09:02:54,2473.8363998085347,3262.0272759465483,0.36104327096946953,0.38950037217638556
2023-05-09 08:00:24,1051.9089282672742,1286.6251247854084,0.3658915359113133,0.3744796028760415
2023-10-17 13:46:18,2051.335526077935,2160.965072365917,0.10879799216561925,0.10999073961743527
2023-12-08 04:16:17,2718.278240488625,3782.894385207285,0.2397893407043871,0.2653177010489205
2023-08-01 07:07:22,3922.626449459556,4182.606043394172,0.1572651984616559,0.1613537727052667
2023-12-25 14:05:19,2923.5326766898415,2861.1272335251388,0.4934910537740598,0.49041140098320113
2023-03-26 21:22:12,4718.14851807553,1817.5399739377272,0.3822617223349657,0.2713825605448023
2023-04-22 03:12:32,3554.6664872573933,1278.9263885552796,0.485424910208619,0.3749548169015563
2023-10-17 00:12:23,2574.741244778157,1854.3925096057915,0.4916229340263729,0.4562089381556104
2023-07-10 04:03:18,2616.5139814365784,3718.887809507758,0.41617355069395445,0.4620514337160014
2023-10-11 08:23:32,2821.9588753414155,3009.1969625262577,0.4662614455306935,0.47499163564961416
2023-02-23 06:45:14,3033.8728563499217,2297.141430423555,0.22728994216055753,0.21054477784189063
2023-12-16 02:22:03,4017.07358719857,4220.405870188808,0.14800481280459385,0.15101422845270393
2023-06-26 11:58:51,3900.5765044269738,4220.028435563421,0.29874776469046094,0.3082913197257674
2023-06-11 02:28:50,3835.7211769276173,2052.928799024417,0.11219413429360953,0.09219224954720001
2023-01-15 00:10:56,2670.7280163050273,927.7397749100421,0.3165288242856937,0.26135822240643936
2023-11-01 06:15:16,1249.6741610345757,1258.529393636325,0.45693438546019227,0.45733901148689104
2023-09-30 05:47:15,4721.596365610869,3431.1777327878394,0.3126979004683375,0.2723467807474391
2023-03-08 08:53:29,3167.7200051363625,838.1642561573407,0.2307630218799313,0.17700548945271471
2023-08-25 01:46:24,4951.483208812617,2329.6238695153497,0.4506331378892595,0.33248346777208065
2023-06-06 18:20:11,2041.1610585378642,4232.556471946769,0.11214094235210258,0.13671545702467758
2023-09-14 09:20:25,4221.6946094010345,4491.305863576364,0.48844755164327336,0.5016166473430145
2023-01-06 17:38:22,1358.6716307240972,2490.5096651521444,0.3005540348595265,0.334571883665009
2023-03-20 02:02:31,3472.6149041160293,1415.1006280528813,0.23184381778701685,0.1841416212956398
2023-06-29 21:20:57,1963.9586145729345,2306.380805313989,0.16611363833090467,0.17180173792582823
2023-04-18 21:50:29,2482.8317226182926,2841.399702662806,0.2787208840763101,0.28871492251625647
2023-05-15 00:08:43,3784.20163165759,3571.5685381623666,0.21676492154224844,0.21215578195937065
2023-11-27 12:27:33,2378.9148950722088,1849.9935688180965,0.44229905536780256,0.41890491507119465
2023-10-08 10:40:32,3354.7386254994535,4151.295578976791,0.4703392574112423,0.5078044580096716
2023-06-28 20:25:44,1259.572556941457,3375.2346256846636,0.34034183264300644,0.41234666321594216
2023-03-01 11:22:43,2633.1045832968603,4007.1644890729267,0.23063830003171507,0.2623293841127081
2023-10-07 19:37:31,1337.5608212344323,3542.3593765972196,0.22626565507947244,0.276152674024216
2023-04-04 18:35:39,4820.721858583507,873.8857802531123,0.48502986876592313,0.2935965302546029
2023-12-15 22:37:16,1496.9266290747082,1064.675562146335,0.33320877355876505,0.318805788770698
2023-03-10 12:14:15,1925.3776837689065,2854.7583538734293,0.36358719949032203,0.39737829100069627
2023-11-13 07:46:14,1012.2146372722569,3433.3805160845304,0.354451922971983,0.44027061312989924
2023-05-09 19:17:43,4808.618670406937,1027.6846771221042,0.17742786125327592,0.11034355805644236
2023-09-14 10:32:35,3250.9313503681965,3295.349914472727,0.1438468412126361,0.14448578822639987
2023-01-02 00:16:38,4199.378862580013,3153.4926633558994,0.16080265427120685,0.14398452658112068
2023-05-21 10:43:23,3504.38976129972,4367.121778050512,0.15959113497120891,0.1733595731441348
2023-01-08 20:01:55,3012.2742494457034,3026.4944666584497,0.47700097724878887,0.47767928299950585
2023-06-25 04:08:29,4358.377935100672,4060.7604456291624,0.39291165626249824,0.38121791819040446
2023-08-14 04:27:36,3400.933436530734,4025.089523019053,0.3909608261226163,0.4153628840429095
2023-08-22 18:51:13,1442.800652066102,980.6652046529138,0.32998263213361195,0.31473296499964715
2023-06-09 03:50:31,4973.128532600365,932.2464265575469,0.30418766623903437,0.18126901650061047
2023-07-17 01:06:36,3506.879353883666,2630.254521118124,0.2425251315826416,0.22126477629113417
2023-03-04 22:34:57,3163.1812555504025,2530.1094520787938,0.29795518265901055,0.2790924801750453
2023-08-10 02:17:56,2892.741967555542,3159.753016874625,0.32388685206377466,0.332534988886795
2023-05-27 12:27:29,1338.8582937821184,2440.974611084245,0.4577702320542101,0.5082218362864227
2023-01-26 07:03:49,3314.109457295661,2268.8822660581254,0.26377280901686284,0.2362025577875098
2023-09-03 07:25:52,3440.4638276506594,2129.806998691228,0.4362336215416077,0.3790583640320865
2023-02-11 06:05:31,2884.6374000801698,2929.0537936298097,0.15644845785841857,0.15714334548586595
2023-02-05 19:49:52,2148.7424475065163,3202.9958887399644,0.354704623819743,0.39209948084808094
2023-01-12 11:53:37,4886.159707272285,1931.8273023275922,0.2788609903550239,0.19647618432694222
2023-09-06 01:07:10,3399.882037379673,1712.9666735823548,0.44479592976674653,0.3697626209989428
2023-11-28 08:41:23,4860.670337016672,3887.55992613843,0.320192967431831,0.28903465642203974
2023-03-20 02:34:41,3007.9116439316185,3419.838716110367,0.4183460594405851,0.4355788661828728
2023-05-13 14:22:25,3495.2190291367388,2775.084338048795,0.3286071124791933,0.3049429743357428
